molecule_chembl_id,SMILES,type_HDAC1,Standard_Value_HDAC1,pChEMBL_HDAC1,type_HDAC6,Standard_Value_HDAC6,pChEMBL_HDAC6,Document_ChEMBL_ID,SelectivityWindow,label
CHEMBL4442817,CCCCCCCOC(=O)Cc1ccc(NC(=O)CCCCCCC(=O)NO)cc1,IC50,310,6.508638306,IC50,52,7.283996656,CHEMBL4304814,0.7754,Semi-selective
CHEMBL4455447,O=C(CCCCCCC(=O)Nc1ccc(CC(=O)OCCCC(F)CF)cc1)NO,IC50,73,7.13667714,IC50,37,7.431798276,CHEMBL4304814,0.2951,Dual-binder
CHEMBL4463358,O=C(CCCCCCC(=O)Nc1ccc(CC(=O)OCCCCCCCC(F)CF)cc1)NO,IC50,192,6.716698771,IC50,35,7.455931956,CHEMBL4304814,0.7392,Dual-binder
CHEMBL4463948,CCCCCCOC(=O)Cc1ccc(NC(=O)CCCCCCC(=O)NO)cc1,IC50,230,6.638272164,IC50,39,7.408935393,CHEMBL4304814,0.7707,Dual-binder
CHEMBL4465542,CCCCCCCCCOC(=O)Cc1ccc(NC(=O)CCCCCCC(=O)NO)cc1,IC50,897,6.047207557,IC50,164,6.785156152,CHEMBL4304814,0.7379,Semi-selective
CHEMBL4472856,O=C(CCCCCCC(=O)Nc1ccc(CC(=O)OCCC(F)CF)cc1)NO,IC50,75,7.124938737,IC50,38,7.420216403,CHEMBL4304814,0.2953,Dual-binder
CHEMBL4476591,O=C(CCCCCCC(=O)Nc1ccc(CC(=O)OCCCCCCC(F)CF)cc1)NO,IC50,180,6.744727495,IC50,28,7.552841969,CHEMBL4304814,0.8081,Dual-binder
CHEMBL4514924,O=C(CCCCCCC(=O)Nc1ccc(CC(=O)OCCCCCCCCCC(F)CF)cc1)NO,IC50,413,6.384049948,IC50,111,6.954677021,CHEMBL4304814,0.5706,Semi-selective
CHEMBL4523065,O=C(CCCCCCC(=O)Nc1ccc(CC(=O)OCCCCC(F)CF)cc1)NO,IC50,67,7.173925197,IC50,31,7.508638306,CHEMBL4304814,0.3347,Dual-binder
CHEMBL4526090,CCCCCOC(=O)Cc1ccc(NC(=O)CCCCCCC(=O)NO)cc1,IC50,130,6.886056648,IC50,32,7.494850022,CHEMBL4304814,0.6088,Dual-binder
CHEMBL4533314,CCCCCCCCOC(=O)Cc1ccc(NC(=O)CCCCCCC(=O)NO)cc1,IC50,436,6.360513511,IC50,62,7.207608311,CHEMBL4304814,0.8471,Semi-selective
CHEMBL4542699,CCCCOC(=O)Cc1ccc(NC(=O)CCCCCCC(=O)NO)cc1,IC50,124,6.906578315,IC50,28,7.552841969,CHEMBL4304814,0.6463,Dual-binder
CHEMBL4554719,O=C(CCCCCCC(=O)Nc1ccc(CC(=O)OCCCCCCCCC(F)CF)cc1)NO,IC50,289,6.539102157,IC50,105,6.978810701,CHEMBL4304814,0.4397,Semi-selective
CHEMBL4559960,O=C(CCCCCCC(=O)Nc1ccc(CC(=O)OCCCCCC(F)CF)cc1)NO,IC50,96,7.017728767,IC50,28,7.552841969,CHEMBL4304814,0.5351,Dual-binder
CHEMBL4744479,O=C(NO)c1ccc(CN2c3ccccc3S(=O)(=O)C[C@@H]3CCCC[C@@H]32)cc1,IC50,8000,5.096910013,IC50,8,8.096910013,CHEMBL4673207,3,HDAC6-selective
CHEMBL4744603,CC(/C=C/C(=O)NO)=C\c1ccc(NS(=O)(=O)c2ccc(N(CCCl)CCCl)cc2)cc1,IC50,14000,4.85,IC50,479,6.32,CHEMBL4673207,1.47,Non-binder
CHEMBL4746756,COC(=O)[C@H](Cc1ccccn1)NC(=O)CCCCCCC(=O)NO,IC50,100460,3.998006826,IC50,3970,5.4,CHEMBL4673207,1.401993174,Non-binder
CHEMBL4756862,COC(=O)[C@@H](Cc1ccccn1)NC(=O)CCCCCCC(=O)NO,IC50,100250,3.998915619,IC50,4010,5.396855627,CHEMBL4673207,1.3979,Non-binder
CHEMBL4759780,O=C(NO)c1ccc(Cn2c(=O)c(F)cn(C3CCCO3)c2=O)cc1,IC50,1710,5.77,IC50,12.4,7.91,CHEMBL4673207,2.14,HDAC6-selective
CHEMBL325041,CC(C)C[C@H](NC(=O)[C@H](Cc1ccccc1)NC(=O)c1cnccn1)B(O)O,IC50,620,6.21,IC50,69440,4.16,CHEMBL4680183,-2.05,Non-binder
CHEMBL4778826,COc1ccc(/C=C/C(=O)c2nnn(-c3ccc(Cl)cc3)c2C)cc1OC,IC50,1530,5.82,IC50,999300,3.000304113,CHEMBL4680183,-2.819695887,Non-binder
CHEMBL4740842,CC(C)c1cc(C(=O)N2Cc3ccc(NC(=O)CCCC(=O)NO)cc3C2)c(O)cc1O,IC50,7431,5.13,IC50,68.6,7.16,CHEMBL4680193,2.03,HDAC6-selective
CHEMBL4741850,CC(C)c1cc(C(=O)N2Cc3ccc(NC(=O)CCCCC(=O)NO)cc3C2)c(O)cc1O,IC50,6885,5.16,IC50,330,6.48,CHEMBL4680193,1.32,Non-binder
CHEMBL4747757,CC(C)c1cc(C(=O)N2Cc3ccc(/C=C/C(=O)NO)cc3C2)c(O)cc1O,IC50,3150,5.5,IC50,303,6.52,CHEMBL4680193,1.02,Non-binder
CHEMBL4782478,CC(C)c1cc(C(=O)N2Cc3ccc(NCc4ccc(C(=O)NO)cc4)cc3C2)c(O)cc1O,IC50,10000,5,IC50,33.3,7.477555766,CHEMBL4680193,2.477555766,HDAC6-selective
CHEMBL4789155,CC(C)c1cc(C(=O)N2Cc3ccc(NC(=O)CCCCCCCCC(=O)NO)cc3C2)c(O)cc1O,IC50,1878,5.73,IC50,432,6.37,CHEMBL4680193,0.64,Non-binder
CHEMBL4790152,CC(C)c1cc(C(=O)N2Cc3ccc(NC(=O)CCCCCCCC(=O)NO)cc3C2)c(O)cc1O,IC50,1075,5.97,IC50,2.12,8.67,CHEMBL4680193,2.7,HDAC6-selective
CHEMBL4790559,CC(C)c1cc(C(=O)N2Cc3ccc(NC(=O)CCCCCCC(=O)NO)cc3C2)c(O)cc1O,IC50,554,6.26,IC50,221,6.66,CHEMBL4680193,0.4,Semi-selective
CHEMBL4798549,CC(C)c1cc(C(=O)N2Cc3ccc(NC(=O)CCCCCC(=O)NO)cc3C2)c(O)cc1O,IC50,3814,5.42,IC50,9.44,8.03,CHEMBL4680193,2.61,HDAC6-selective
CHEMBL4749226,C/C(=N\NC(=S)NCCCCCC(=O)NO)c1ccc(F)cc1,IC50,69.25,7.16,IC50,62.86,7.2,CHEMBL4699612,0.04,Dual-binder
CHEMBL4776969,O=C(CCCCCNC(=S)N/N=C(\c1ccccc1)c1cccc([N+](=O)[O-])c1)NO,IC50,71.1,7.15,IC50,46.82,7.33,CHEMBL4699612,0.18,Dual-binder
CHEMBL4785327,C/C(=N\NC(=S)NCCCCCC(=O)NO)c1ccc(Br)cc1,IC50,38.57,7.41,IC50,34.6,7.46,CHEMBL4699612,0.05,Dual-binder
CHEMBL4791832,C/C(=N\NC(=S)NCCCCCC(=O)NO)c1cccc(Br)c1,IC50,54.62,7.26,IC50,37.73,7.42,CHEMBL4699612,0.16,Dual-binder
CHEMBL4744689,Nc1ncc(-c2nc(N3CCOCC3)c3ccn(CCCCCCC(=O)NO)c3n2)cn1,IC50,1.5,8.82,IC50,6.6,8.18,CHEMBL4706478,-0.64,Dual-binder
CHEMBL4749655,O=C(CCCCCCn1cnc2c(N3CCOCC3)nc(-c3cccc(CO)c3)nc21)NO,IC50,2.7,8.57,IC50,4.2,8.38,CHEMBL4706478,-0.19,Dual-binder
CHEMBL4785064,Nc1ccc(-c2nc(N3CCOCC3)c3ncn(CCCCCCC(=O)NO)c3n2)cn1,IC50,0.85,9.07,IC50,4.6,8.34,CHEMBL4706478,-0.73,Dual-binder
CHEMBL4740829,O=C(CCc1ccc(NC(=O)Nc2ccc(Cl)cc2)cc1)NO,IC50,941,6.026410377,IC50,105,6.978810701,CHEMBL4706706,0.9524,Semi-selective
CHEMBL4793248,O=C(Nc1ccc(Cl)cc1)Nc1ccc(C(=O)NO)cc1,IC50,1320,5.879426069,IC50,20.7,7.684029655,CHEMBL4706706,1.8046,Semi-selective
CHEMBL4746359,CC(C)[C@H]1NC(=O)C[C@H]2/C=C/CCSSC[C@@H](NC1=O)C(=O)N[C@H](Cc1ccccc1)C(=O)NCC(=O)O2,IC50,0.54,9.26760624,IC50,54.9,7.260427656,CHEMBL4715745,-2.0072,HDAC1-selective
CHEMBL4754402,CC(C)C[C@@H]1NC(=O)[C@H]2CSSCC/C=C/[C@H](CC(=O)N[C@H](C(C)C)C(=O)N2)OC(=O)CNC1=O,IC50,11.4,7.943095149,IC50,2255,5.646853454,CHEMBL4715745,-2.2962,HDAC1-selective
CHEMBL4776416,C/C=C1\NC(=O)[C@H]2CSSCC/C=C/[C@H](CC(=O)N[C@H](C(C)C)C(=O)N2)OC(=O)CNC1=O,IC50,4.7,8.327902142,IC50,859,6.066006836,CHEMBL4715745,-2.2619,HDAC1-selective
CHEMBL4777615,CC(C)C[C@H]1NC(=O)[C@H]2CSSCC/C=C/[C@H](CC(=O)N[C@H](C(C)C)C(=O)N2)OC(=O)CNC1=O,IC50,0.96,9.017728767,IC50,8452,5.073040512,CHEMBL4715745,-3.9447,HDAC1-selective
CHEMBL4777660,CC(C)[C@H]1NC(=O)C[C@H]2/C=C/CCSSC[C@@H](NC1=O)C(=O)N[C@@H](C)C(=O)NCC(=O)O2,IC50,184,6.735182177,IC50,1022,5.990549104,CHEMBL4715745,-0.7446,Semi-selective
CHEMBL4789369,CC(C)[C@H]1NC(=O)C[C@H]2/C=C/CCSSC[C@@H](NC1=O)C(=O)NCC(=O)NCC(=O)O2,IC50,92.4,7.034328029,IC50,1316,5.880744111,CHEMBL4715745,-1.1536,Semi-selective
CHEMBL4796742,CC(C)[C@H]1NC(=O)C[C@H]2/C=C/CCSSC[C@@H](NC1=O)C(=O)N[C@@H](Cc1ccccc1)C(=O)NCC(=O)O2,IC50,40.8,7.389339837,IC50,355,6.449771647,CHEMBL4715745,-0.9396,Semi-selective
CHEMBL4798082,CC(C)[C@H]1NC(=O)C[C@H]2/C=C/CCSSC[C@@H](NC1=O)C(=O)N[C@H](C)C(=O)NCC(=O)O2,IC50,2.1,8.677780705,IC50,1008,5.996539468,CHEMBL4715745,-2.6812,HDAC1-selective
CHEMBL4754489,CC[N+]1=C(/C=C/C2=C3Oc4cc(O)cc(OCCCCCCCC(=O)O)c4C=C3CCC2)C(C)(C)c2ccccc21,IC50,9690,5.01,IC50,13840,4.86,CHEMBL4725332,-0.15,Non-binder
CHEMBL4761829,CC[N+]1=C(/C=C/C2=C3Oc4cc(O)cc(OCCCCCCCC(=O)NO)c4C=C3CCC2)C(C)(C)c2ccccc21,IC50,360,6.44,IC50,190,6.72,CHEMBL4725332,0.28,Semi-selective
CHEMBL4740787,Cc1cc(C)cc(C(=O)N(Cc2ccc(C(=O)NO)cc2)Cc2nnnn2Cc2ccccc2)c1,IC50,900,6.05,IC50,80,7.1,CHEMBL4725369,1.05,Semi-selective
CHEMBL4748093,O=C(NO)c1ccc(CN(Cc2nnnn2C2CCCCC2)C(=O)c2ccccc2)cc1,IC50,2370,5.62,IC50,70,7.16,CHEMBL4725369,1.54,Semi-selective
CHEMBL4752076,O=C(NO)c1ccc(CNCc2nnnn2Cc2ccccc2)cc1,IC50,2450,5.61,IC50,100,7,CHEMBL4725369,1.39,Semi-selective
CHEMBL4754795,CC(C)(C)n1nnnc1CNCc1ccc(C(=O)NO)cc1,IC50,8240,5.08,IC50,330,6.48,CHEMBL4725369,1.4,Non-binder
CHEMBL4754868,O=C(NO)c1ccc(CNCc2nnnn2C2CCCCC2)cc1,IC50,2060,5.69,IC50,120,6.92,CHEMBL4725369,1.23,Semi-selective
CHEMBL4756672,CCCCC(NCc1ccc(C(=O)NO)cc1)c1nnnn1Cc1ccccc1,IC50,2010,5.7,IC50,120,6.92,CHEMBL4725369,1.22,Semi-selective
CHEMBL4760090,O=C(NO)c1ccc(CNC(c2ccccc2)c2nnnn2C2CCCCC2)cc1,IC50,4060,5.39,IC50,120,6.92,CHEMBL4725369,1.53,Semi-selective
CHEMBL4761974,CC(C)c1ccc(C(=O)N(Cc2ccc(C(=O)NO)cc2)Cc2nnnn2Cc2ccccc2)cc1,IC50,1780,5.75,IC50,320,6.5,CHEMBL4725369,0.75,Non-binder
CHEMBL4780849,O=C(NO)c1ccc(CNC(c2ccccc2)c2nnnn2Cc2ccccc2)cc1,IC50,3370,5.47,IC50,100,7,CHEMBL4725369,1.53,Semi-selective
CHEMBL4781216,Cc1ccccc1C(=O)N(Cc1ccc(C(=O)NO)cc1)Cc1nnnn1C1CCCCC1,IC50,3030,5.52,IC50,60,7.22,CHEMBL4725369,1.7,Semi-selective
CHEMBL4786332,O=C(NO)c1ccc(CN(Cc2nnnn2Cc2ccccc2)C(=O)c2ccccc2)cc1,IC50,1240,5.91,IC50,30,7.52,CHEMBL4725369,1.61,Semi-selective
CHEMBL4800426,O=C(NO)c1ccc(CN(Cc2nnnn2Cc2ccccc2)C(=O)c2ccccc2C(F)(F)F)cc1,IC50,5180,5.29,IC50,30,7.52,CHEMBL4725369,2.23,HDAC6-selective
CHEMBL4759584,CCCCN(Cc1ccc(C(=O)NO)cc1)C(=O)Nc1ccc(CN)cc1,IC50,80,7.1,IC50,0.9,9.05,CHEMBL4725372,1.95,Semi-selective
CHEMBL4761969,C[C@H](NC(=O)[C@H](CC(=O)NC(C)(C)C)NC(=O)c1ccc(C(=O)NO)cc1)C(=O)NCc1ccccc1,IC50,6900,5.16,IC50,270,6.57,CHEMBL4725372,1.41,Non-binder
CHEMBL4777296,NCc1ccc(NC(=O)N(CCCCO)Cc2ccc(C(=O)NO)cc2)cc1,IC50,117,6.93,IC50,0.4,9.4,CHEMBL4725372,2.47,HDAC6-selective
CHEMBL4783802,O=C(NO)c1ccc(CN(CCCO)C(=O)Cc2ccccc2)cc1,IC50,1130,5.95,IC50,31,7.51,CHEMBL4725372,1.56,Semi-selective
CHEMBL4749756,Cn1cc(-c2cc(C(C)(C)O)ccc2Oc2ccc(F)cc2F)c2cc(C(=O)NCCCCCCC(=O)NO)[nH]c2c1=O,IC50,52,7.28,IC50,8.7,8.06,CHEMBL4732071,0.78,Dual-binder
CHEMBL4753842,Cc1cc(F)cc(C)c1Oc1ccc(C(C)(C)O)cc1-c1cn(C)c(=O)c2[nH]c(C(=O)NCc3ccc(C(=O)NO)cc3)cc12,IC50,292.8,6.53,IC50,39.3,7.41,CHEMBL4732071,0.88,Semi-selective
CHEMBL4753908,CC(C)Oc1ccc(C(C)(C)O)cc1-c1cn(C)c(=O)c2[nH]c(C(=O)NCc3ccc(C(=O)NO)cc3)cc12,IC50,36,7.44,IC50,52,7.28,CHEMBL4732071,-0.16,Dual-binder
CHEMBL4755061,CC(C)Oc1ccc(C(C)(C)O)cc1-c1cn(C)c(=O)c2[nH]c(C(=O)NCCCCCCC(=O)NO)cc12,IC50,19.4,7.71,IC50,5.4,8.27,CHEMBL4732071,0.56,Dual-binder
CHEMBL4777392,Cn1cc(-c2ccccc2Oc2ccccc2)c2cc(C(=O)NCCCCCC(=O)NO)[nH]c2c1=O,IC50,44.4,7.35,IC50,3.4,8.47,CHEMBL4732071,1.12,Semi-selective
CHEMBL4778689,O=C(CCCCCCC(=O)Nc1cnc(N(c2ccccc2)c2ccccc2)nc1)NO,IC50,126.8,6.9,IC50,4.4,8.36,CHEMBL4732071,1.46,Semi-selective
CHEMBL4781215,Cn1cc(-c2cc(C(C)(C)O)ccc2OC2CC2)c2cc(C(=O)NCc3ccc(C(=O)NO)cc3)[nH]c2c1=O,IC50,20.8,7.68,IC50,7.9,8.1,CHEMBL4732071,0.42,Dual-binder
CHEMBL4784336,Cn1cc(-c2cc(C(C)(C)O)ccc2OC2CC2)c2cc(C(=O)NCCCCCCC(=O)NO)[nH]c2c1=O,IC50,29.8,7.53,IC50,5.5,8.26,CHEMBL4732071,0.73,Dual-binder
CHEMBL4788497,Cn1cc(-c2cc(C(C)(C)O)ccc2Oc2ccc(F)cc2F)c2cc(C(=O)NCc3ccc(C(=O)NO)cc3)[nH]c2c1=O,IC50,74,7.13,IC50,15.6,7.81,CHEMBL4732071,0.68,Dual-binder
CHEMBL4793324,Cn1cc(-c2ccccc2Oc2ccccc2)c2cc(C(=O)NCc3ccc(C(=O)NO)cc3)[nH]c2c1=O,IC50,168.4,6.77,IC50,15.3,7.82,CHEMBL4732071,1.05,Semi-selective
CHEMBL4794499,Cc1cc(F)cc(C)c1Oc1ccc(C(C)(C)O)cc1-c1cn(C)c(=O)c2[nH]c(C(=O)NCCCCCCC(=O)NO)cc12,IC50,228.3,6.64,IC50,17.2,7.76,CHEMBL4732071,1.12,Semi-selective
CHEMBL4798212,Cn1cc(-c2ccccc2Oc2ccccc2)c2cc(C(=O)NCCCCCCC(=O)NO)[nH]c2c1=O,IC50,29.5,7.53,IC50,4.7,8.33,CHEMBL4732071,0.8,Dual-binder
CHEMBL4800001,Cn1cc(-c2ccccc2Oc2ccccc2)c2cc(C(=O)NCCCCC(=O)NO)[nH]c2c1=O,IC50,142,6.85,IC50,4,8.4,CHEMBL4732071,1.55,Semi-selective
CHEMBL4743692,O=C(NO)c1ccc(COc2c(-c3ccccc3)c3ccccc3n(Cc3ccncc3)c2=O)cc1,IC50,1.2,8.920818754,IC50,84.1,7.075204004,CHEMBL4732101,-1.8456,Semi-selective
CHEMBL4744710,CCN(CC)Cc1ccc(Cn2c(=O)c(OCc3ccc(C(=O)NO)cc3)c(-c3cccnc3)c3ccccc32)cc1,IC50,0.319,9.496209317,IC50,11.5,7.93930216,CHEMBL4732101,-1.5569,Semi-selective
CHEMBL4746040,O=C(NO)c1ccc(Cn2c(=O)c(O)c(-c3ccccc3)c3ccccc32)cc1,IC50,11.1,7.954677021,IC50,308,6.511449283,CHEMBL4732101,-1.4432,Semi-selective
CHEMBL4750401,O=C(NO)c1ccc(COc2c(-c3cccnc3)c3ccccc3n(Cc3ccccc3)c2=O)cc1,IC50,2.5,8.602059991,IC50,25.6,7.591760035,CHEMBL4732101,-1.0103,Semi-selective
CHEMBL4752147,Cn1c(=O)c(OCc2ccc(C(=O)NO)cc2)c(C2CCCCC2)c2ccccc21,IC50,3,8.522878745,IC50,33,7.48148606,CHEMBL4732101,-1.0414,Semi-selective
CHEMBL4757504,CCN(CC)Cc1ccc(Cn2c(=O)c(OCc3ccc(C(=O)NO)cc3)c(-c3ccccc3)c3ccccc32)cc1,IC50,0.322,9.492144128,IC50,6.9,8.161150909,CHEMBL4732101,-1.331,Semi-selective
CHEMBL4777726,COc1c(-c2ccccc2)c2ccccc2n(Cc2ccc(C(=O)NO)cc2)c1=O,IC50,4.5,8.346787486,IC50,61.6,7.210419288,CHEMBL4732101,-1.1364,Semi-selective
CHEMBL4782170,O=C(NO)c1ccc(Cn2c(=O)c(OCc3ccccc3)c(-c3ccccc3)c3ccccc32)cc1,IC50,5.5,8.259637311,IC50,85.4,7.068542129,CHEMBL4732101,-1.1911,Semi-selective
CHEMBL4785871,C#CCn1c(=O)c(OCc2ccc(C(=O)NO)cc2)c(-c2ccccc2)c2ccccc21,IC50,6.1,8.214670165,IC50,82.3,7.084600165,CHEMBL4732101,-1.1301,Semi-selective
CHEMBL4787955,Cn1c(=O)c(OCc2ccc(C(=O)NO)cc2)c(-c2cccnc2)c2ccccc21,IC50,5.01,8.300162274,IC50,46,7.337242168,CHEMBL4732101,-0.9629,Dual-binder
CHEMBL4793901,O=C(NO)c1ccc(COc2c(-c3cccnc3)c3ccccc3n(Cc3ccncc3)c2=O)cc1,IC50,1.7,8.769551079,IC50,45.3,7.343901798,CHEMBL4732101,-1.4256,Semi-selective
CHEMBL4796822,O=C(NO)c1ccc(COc2c(-c3ccccc3)c3ccccc3[nH]c2=O)cc1,IC50,6.6,8.180456064,IC50,146.9,6.832978204,CHEMBL4732101,-1.3475,Semi-selective
CHEMBL191482,CC(C)[C@H](C(=O)Nc1ccc(C(=O)NO)cc1)c1ccccc1,IC50,20,7.7,IC50,6.6,8.18,CHEMBL4732198,0.48,Dual-binder
CHEMBL4748500,O=C(NO)c1ccc(CN2C(=O)c3ccccc3C2=O)cc1-c1ccccc1,IC50,32000,4.5,IC50,6400,5.19,CHEMBL4732198,0.69,Non-binder
CHEMBL4761013,O=C(NO)c1ccc(CN2C(=O)c3ccccc3S2(=O)=O)cc1-c1ccccc1,IC50,4900,5.31,IC50,5300,5.28,CHEMBL4732198,-0.03,Non-binder
CHEMBL4799406,O=C(NO)c1ccc(CN2C(=O)c3cccc(F)c3C2=O)cc1-c1ccccc1,IC50,27000,4.57,IC50,4200,5.38,CHEMBL4732198,0.81,Non-binder
CHEMBL4788940,Cc1cc2cc(NS(=O)(=O)Cc3ccc(C(=O)NO)cc3)ccc2n(C)c1=O,IC50,545,6.26,IC50,152,6.82,CHEMBL4765345,0.56,Semi-selective
CHEMBL4789481,Cc1cc2cc(NS(=O)(=O)c3ccc(C(=O)NO)cc3)ccc2n(C)c1=O,IC50,797,6.1,IC50,344,6.46,CHEMBL4765345,0.36,Non-binder
CHEMBL4789607,COc1ccc(C(=O)NO)cc1C(=O)Nc1ccc2c(c1)cc(C)c(=O)n2C,IC50,6900,5.16,IC50,709,6.15,CHEMBL4765345,0.99,Non-binder
CHEMBL4303643,CCCCNNC(=O)c1ccc(Br)cc1,IC50,500,6.3,IC50,9000,5.05,CHEMBL4765362,-1.25,Non-binder
CHEMBL595227,N=C1Sc2ccccc2C2=NCCCN12,IC50,4000,5.4,IC50,7000,5.16,CHEMBL4765362,-0.24,Non-binder
CHEMBL4781177,COc1cc(OC)c2c(N3CCN(C)CC3)nc(-c3cc(C)c(OCCCCCC(=O)NO)c(C)c3)nc2c1,IC50,86.93,7.06,IC50,11.68,7.93,CHEMBL4765420,0.87,Dual-binder
CHEMBL4790998,COc1cc(OC)c2c(N3CCS(=O)(=O)CC3)nc(-c3cc(C)c(OCCCCCC(=O)NO)c(C)c3)nc2c1,IC50,99.61,7,IC50,55.35,7.26,CHEMBL4765420,0.26,Dual-binder
CHEMBL4846560,Nc1nc2cc(-c3nn(CCCCCCC(=O)NO)c4ncnc(N)c34)ccc2o1,IC50,0.78,9.11,IC50,1.5,8.82,CHEMBL4808220,-0.29,Dual-binder
CHEMBL4862549,Nc1nc2cc(-c3nn(CC4CCN(c5ncc(C(=O)NO)cn5)CC4)c4ncnc(N)c34)ccc2o1,IC50,0.91,9.04,IC50,86,7.07,CHEMBL4808220,-1.97,Semi-selective
CHEMBL4847978,Cc1ccccc1C(=O)N(CC(=O)NCc1ccccc1)Cc1ccc(C(=O)NO)cc1,IC50,280,6.552841969,IC50,30,7.522878745,CHEMBL4811220,0.97,Semi-selective
CHEMBL4849235,O=C(CN(Cc1ccc(C(=O)NO)cc1)C(=O)Cc1ccccc1)NC1CCCCC1,IC50,2430,5.614393726,IC50,50,7.301029996,CHEMBL4811220,1.6866,Semi-selective
CHEMBL4849568,CNC(=O)CN(Cc1ccc(C(=O)NO)cc1)C(=O)c1ccc(C(C)C)cc1,IC50,100,7,IC50,60,7.22184875,CHEMBL4811220,0.2218,Dual-binder
CHEMBL4851776,O=C(CN(Cc1ccc(C(=O)NO)cc1)C(=O)Cc1ccccc1)NCc1ccccc1,IC50,600,6.22184875,IC50,30,7.522878745,CHEMBL4811220,1.301,Semi-selective
CHEMBL4853947,Cc1ccc(C(=O)N(CC(=O)NC2CCCCC2)Cc2ccc(C(=O)NO)cc2)c(C)c1,IC50,260,6.585026652,IC50,40,7.397940009,CHEMBL4811220,0.8129,Semi-selective
CHEMBL4854335,Cc1ccccc1C(=O)N(CC(=O)NC12CC3CC(CC(C3)C1)C2)Cc1ccc(C(=O)NO)cc1,IC50,100,7,IC50,30,7.522878745,CHEMBL4811220,0.5229,Dual-binder
CHEMBL4854577,O=C(CN(Cc1ccc(C(=O)NO)cc1)C(=O)c1cccc2ccccc12)NCc1ccccc1,IC50,130,6.886056648,IC50,10,8,CHEMBL4811220,1.1139,Semi-selective
CHEMBL4858841,CC(C)c1ccc(C(=O)N(Cc2ccc(C(=O)NO)cc2)C(C)(C)C(=O)NC2CCCCC2)cc1,IC50,970,6.013228266,IC50,270,6.568636236,CHEMBL4811220,0.5554,Non-binder
CHEMBL4862927,CC(C)c1ccc(C(=O)N(CC(=O)NC23CC4CC(CC(C4)C2)C3)Cc2ccc(C(=O)NO)cc2)cc1,IC50,300,6.522878745,IC50,250,6.602059991,CHEMBL4811220,0.0792,Semi-selective
CHEMBL4866446,CN(C)c1ccc(C(=O)N(Cc2ccc(C(=O)NO)cc2)C(C)(C)C(=O)NCc2ccccc2)cc1,IC50,440,6.356547324,IC50,70,7.15490196,CHEMBL4811220,0.7984,Semi-selective
CHEMBL4868526,Cc1ccc(C(=O)N(CC(=O)NCc2ccccc2)Cc2ccc(C(=O)NO)cc2)c(C)c1,IC50,60,7.22184875,IC50,60,7.22184875,CHEMBL4811220,0,Dual-binder
CHEMBL4868592,Cc1cc(C)cc(C(=O)N(CC(=O)N(C)C)Cc2ccc(C(=O)NO)cc2)c1,IC50,8000,5.096910013,IC50,230,6.638272164,CHEMBL4811220,1.5414,Semi-selective
CHEMBL4873872,CC(C)c1ccc(CC(=O)N(CC(=O)NCc2ccccc2)Cc2ccc(C(=O)NO)cc2)cc1,IC50,780,6.107905397,IC50,20,7.698970004,CHEMBL4811220,1.5911,Semi-selective
CHEMBL4873978,CC(C)c1ccc(CC(=O)N(CC(=O)NC2CCCCC2)Cc2ccc(C(=O)NO)cc2)cc1,IC50,2030,5.692503962,IC50,40,7.397940009,CHEMBL4811220,1.7054,Semi-selective
CHEMBL4878499,CC(C)c1ccc(C(=O)N(Cc2ccc(C(=O)NO)cc2)C(C)(C)C(=O)NCc2ccccc2)cc1,IC50,280,6.552841969,IC50,60,7.22184875,CHEMBL4811220,0.669,Semi-selective
CHEMBL4878538,Cc1cc(C)cc(C(=O)N(CC(=O)N2CCCCC2)Cc2ccc(C(=O)NO)cc2)c1,IC50,4050,5.392544977,IC50,130,6.886056648,CHEMBL4811220,1.4935,Semi-selective
CHEMBL4848719,CC12CC3CC(C)(C1)CC(NC(=O)CCCCCC(=O)NO)(C3)C2,IC50,16100,4.79,IC50,206,6.69,CHEMBL4814005,1.9,Semi-selective
CHEMBL4851084,CC12CC3CC(C)(C1)CC(NC(=O)CCCCCCC(=O)NO)(C3)C2,IC50,4430,5.35,IC50,360,6.44,CHEMBL4814005,1.09,Non-binder
CHEMBL4860287,CC12CC3CC(C)(C1)CC(NCc1ccc(NCc4ccc(C(=O)NO)cc4)cc1)(C3)C2,IC50,11000,4.96,IC50,76.8,7.12,CHEMBL4814005,2.16,HDAC6-selective
CHEMBL4868381,CC12CC3CC(C)(C1)CC(NCc1cccc(NC(=O)CCCCCCC(=O)NO)c1)(C3)C2,IC50,679,6.17,IC50,60.8,7.22,CHEMBL4814005,1.05,Semi-selective
CHEMBL4870114,CC12CC3CC(C)(C1)CC(NS(=O)(=O)c1ccc(/C=C/C(=O)NO)cc1)(C3)C2,IC50,950,6.02,IC50,103,6.99,CHEMBL4814005,0.97,Semi-selective
CHEMBL4871275,CC12CC3CC(C)(C1)CC(NC(=O)CCCCCCCC(=O)NO)(C3)C2,IC50,2800,5.55,IC50,227,6.64,CHEMBL4814005,1.09,Semi-selective
CHEMBL4871938,CC12CC3CC(C)(C1)CC(NCc1ccc(NC(=O)CCCCCCC(=O)NO)cc1)(C3)C2,IC50,347,6.46,IC50,5.42,8.27,CHEMBL4814005,1.81,Semi-selective
CHEMBL4872337,CC12CC3CC(C)(C1)CC(NCc1ccc(/C=C/C(=O)NO)cc1)(C3)C2,IC50,1330,5.88,IC50,77,7.11,CHEMBL4814005,1.23,Semi-selective
CHEMBL4872595,CC12CC3CC(C)(C1)CC(NC(=O)CCCCCCCCC(=O)NO)(C3)C2,IC50,5240,5.28,IC50,270,6.57,CHEMBL4814005,1.29,Non-binder
CHEMBL4872845,CC12CC3CC(C)(C1)CC(NS(=O)(=O)c1cccc(/C=C/C(=O)NO)c1)(C3)C2,IC50,1740,5.76,IC50,93.7,7.03,CHEMBL4814005,1.27,Semi-selective
CHEMBL4796066,O=C(NO)c1ccc(Nc2c3ccccc3nc3ccc(Br)cc23)cc1,IC50,90,7.05,IC50,26,7.58,CHEMBL4819073,0.53,Dual-binder
CHEMBL4862510,NC(=O)c1ccc2c(c1)N(Cc1ccc(C(=O)NO)cc1)c1ccccc1S2,IC50,200,6.7,IC50,4.6,8.34,CHEMBL4819073,1.64,Semi-selective
CHEMBL4845926,O=C(NO)c1ccc(CSc2nnc(-c3ccncc3)n2-c2ccccc2)cc1,IC50,15030,4.82,IC50,6930,5.16,CHEMBL4823270,0.34,Non-binder
CHEMBL4847471,Cn1c(SCCCCCC(=O)O)nnc1-c1ccncc1,IC50,8930,5.05,IC50,78390,4.11,CHEMBL4823270,-0.94,Non-binder
CHEMBL4853791,Cn1c(SCc2ccc(C(=O)NO)cc2)nnc1-c1ccncc1,IC50,14200,4.85,IC50,14360,4.84,CHEMBL4823270,-0.01,Non-binder
CHEMBL4854089,C=CCn1c(SCc2ccc(C(=O)Nc3ccccc3N)cc2)nnc1-c1ccncc1,IC50,11840,4.93,IC50,9960,5,CHEMBL4823270,0.07,Non-binder
CHEMBL4857194,Cn1c(SCc2ccc(C(=O)Nc3ccccc3N)cc2)nnc1-c1ccncc1,IC50,7640,5.12,IC50,11030,4.96,CHEMBL4823270,-0.16,Non-binder
CHEMBL4857970,Cn1c(SCCCCCC(=O)NO)nnc1-c1ccncc1,IC50,1231000,2.909741947,IC50,13870,4.86,CHEMBL4823270,1.950258053,Non-binder
CHEMBL4862173,O=C(O)CCCCCSc1nnc(-c2ccncc2)n1-c1ccccc1,IC50,8950,5.05,IC50,10890,4.96,CHEMBL4823270,-0.09,Non-binder
CHEMBL4863192,CCn1c(SCCCCCC(=O)NO)nnc1-c1ccncc1,IC50,76340,4.12,IC50,269720,3.569086849,CHEMBL4823270,-0.550913151,Non-binder
CHEMBL4866619,Cn1c(SCCCCCC(=O)Nc2ccccc2N)nnc1-c1ccncc1,IC50,40180,4.4,IC50,14200,4.85,CHEMBL4823270,0.45,Non-binder
CHEMBL4868119,C=CCn1c(SCCCCCC(=O)Nc2ccccc2N)nnc1-c1ccncc1,IC50,31050,4.51,IC50,9790,5.01,CHEMBL4823270,0.5,Non-binder
CHEMBL4869232,C=CCn1c(SCc2ccc(C(=O)NO)cc2)nnc1-c1ccncc1,IC50,19600,4.71,IC50,9860,5.01,CHEMBL4823270,0.3,Non-binder
CHEMBL4872625,Nc1ccccc1NC(=O)c1ccc(CSc2nnc(-c3ccncc3)n2-c2ccccc2)cc1,IC50,22130,4.66,IC50,9630,5.02,CHEMBL4823270,0.36,Non-binder
CHEMBL4874564,Nc1ccccc1NC(=O)CCCCCSc1nnc(-c2ccncc2)n1-c1ccccc1,IC50,256360,3.591149737,IC50,159460,3.79734824,CHEMBL4823270,0.206198503,Non-binder
CHEMBL4861271,CCC(=O)CCCCC[C@H](NC(=O)[C@H]1CC12CCN(C)CC2)c1ncc(-c2cc3ccc(N4CCCC4)nc3cc2OC)[nH]1,IC50,0.32,9.49,IC50,45,7.35,CHEMBL4825740,-2.14,HDAC1-selective
CHEMBL4861467,CCC(=O)CCCCC[C@H](NC(=O)[C@H]1CC12CCN(CC1CC1)CC2)c1ncc(-c2cc3cccnc3cc2OC)[nH]1,IC50,0.05,10.3,IC50,76,7.12,CHEMBL4825740,-3.18,HDAC1-selective
CHEMBL4862152,CCC(=O)CCCCC[C@H](NC(=O)[C@H]1CC12CCN(CC1CC1)CC2)c1ncc(-c2cc3ccc(C)nc3cc2OC)o1,IC50,0.17,9.77,IC50,113,6.95,CHEMBL4825740,-2.82,HDAC1-selective
CHEMBL4862556,CCC(=O)CCCCC[C@H](NC(=O)[C@H]1CC12CCN(C)CC2)c1ncc(-c2cc3cccnc3cc2OC)o1,IC50,1.52,8.82,IC50,74,7.13,CHEMBL4825740,-1.69,Semi-selective
CHEMBL154302,Cc1ccc(C(=O)NO)cc1,IC50,5642,5.25,IC50,140,6.85,CHEMBL4825781,1.6,Semi-selective
CHEMBL4850382,O=C(NO)c1cccc(F)c1,IC50,29367,4.53,IC50,453,6.34,CHEMBL4825781,1.81,Non-binder
CHEMBL4851389,Nc1c(F)cc(C(=O)NO)cc1F,IC50,15797,4.8,IC50,112,6.95,CHEMBL4825781,2.15,HDAC6-selective
CHEMBL4852256,Nc1ncc(C(=O)NO)cn1,IC50,3064,5.51,IC50,64,7.19,CHEMBL4825781,1.68,Semi-selective
CHEMBL4862508,CC(=O)Nc1ccc(C(=O)NO)cc1F,IC50,3211,5.49,IC50,58,7.24,CHEMBL4825781,1.75,Semi-selective
CHEMBL4862563,O=C(NO)c1cc(F)c(Cn2nnnc2-c2cccs2)c(F)c1,IC50,7093,5.15,IC50,19,7.72,CHEMBL4825781,2.57,HDAC6-selective
CHEMBL4863455,Cc1c(F)cc(C(=O)NO)cc1F,IC50,13812,4.86,IC50,27,7.57,CHEMBL4825781,2.71,HDAC6-selective
CHEMBL4864065,Nc1ccc(C(=O)NO)cn1,IC50,9710,5.01,IC50,240,6.62,CHEMBL4825781,1.61,Semi-selective
CHEMBL4869421,Nc1ccc(C(=O)NO)cc1F,IC50,7394,5.13,IC50,183,6.74,CHEMBL4825781,1.61,Semi-selective
CHEMBL4870227,CCN(CC)Cc1ccc2cc(COC(=O)Nc3c(F)cc(C(=O)NO)cc3F)ccc2c1,IC50,718,6.14,IC50,10,8,CHEMBL4825781,1.86,Semi-selective
CHEMBL4873055,Cc1ccc(C(=O)NO)cc1F,IC50,6825,5.17,IC50,49,7.31,CHEMBL4825781,2.14,HDAC6-selective
CHEMBL4877419,Cc1ccc(C(=O)NO)cn1,IC50,11378,4.94,IC50,70,7.16,CHEMBL4825781,2.22,HDAC6-selective
CHEMBL504369,O=C(NO)c1cccnc1,IC50,34958,4.46,IC50,679,6.17,CHEMBL4825781,1.71,Non-binder
CHEMBL4849606,CC(C)S(=O)(=O)c1ccccc1Nc1nc(Nc2ccc(C(=O)NCCCCCCC(=O)NO)cc2)ncc1Cl,IC50,12,7.92,IC50,6.7,8.17,CHEMBL4828709,0.25,Dual-binder
CHEMBL4855319,CC(C)S(=O)(=O)c1ccccc1Nc1nc(Nc2ccc(NC(=O)CCCCCCC(=O)NO)cc2)ncc1Cl,IC50,7.9,8.1,IC50,4.4,8.36,CHEMBL4828709,0.26,Dual-binder
CHEMBL4864538,O=C(CCCCCN1C(=O)c2cccc3c(OCc4ccc(C(F)(F)F)cc4)ccc(c23)C1=O)NO,IC50,280,6.55,IC50,12,7.92,CHEMBL4834461,1.37,Semi-selective
CHEMBL4866882,CCCNc1ccc2c3c(cccc13)C(=O)N(CCCC(=O)NO)C2=O,IC50,9500,5.02,IC50,1120,5.95,CHEMBL4834461,0.93,Non-binder
CHEMBL4851023,O=C(NO)c1ccc(CN2C(=O)C(Cc3ccccc3)N(Cc3ccc(Cl)cc3)C2=O)cc1,IC50,8176.5,5.09,IC50,6,8.22,CHEMBL4842326,3.13,HDAC6-selective
CHEMBL4854752,O=C(NO)c1ccc(CN2C(=O)CN(Cc3ccc(Cl)cc3)C2=O)cc1,IC50,862.5,6.06,IC50,8.3,8.08,CHEMBL4842326,2.02,HDAC6-selective
CHEMBL4858289,O=C(NO)c1ccc(CN2C(=O)C(Cc3ccccc3)N(Cc3ccccn3)C2=O)cc1,IC50,3422,5.47,IC50,4.8,8.32,CHEMBL4842326,2.85,HDAC6-selective
CHEMBL4866683,O=C(NO)c1ccc(CN2C(=O)C(Cc3ccccc3)N(Cc3cccnc3)C2=O)cc1,IC50,11645,4.93,IC50,2.1,8.68,CHEMBL4842326,3.75,HDAC6-selective
CHEMBL4876454,CC(C)(C)OC(=O)Nc1ccc(-c2cc(NC(=O)CCCCCCC(=O)NO)no2)cc1,IC50,271,6.57,IC50,0.002,11.69897,CHEMBL4842326,5.128970004,HDAC6-selective
CHEMBL4846776,Nc1ncnc2c1c(-c1cnc3[nH]ccc3c1)nn2CCCCCCCCC(=O)NO,IC50,20,7.7,IC50,9.54,8.02,CHEMBL4842376,0.32,Dual-binder
CHEMBL4870348,CNC(=O)CCCCCCCn1nc(-c2ccc3oc(N)nc3c2)c2c(N)ncnc21,IC50,2.5,8.6,IC50,6.73,8.17,CHEMBL4842376,-0.43,Dual-binder
CHEMBL5076242,C/C=C1\NC(=O)c2csc(n2)CNC(=O)C[C@@H](/C=C/CCSSCCCCCCC)OC(=O)[C@H](CCCCNC(=O)CCCCC[N+]2=C(/C=C/C=C/C=C3/N(CC)c4ccc5c(S(=O)(=O)O)cc(S(=O)(=O)O)cc5c4C3(C)C)C(C)(C)c3c2ccc2c(S(=O)(=O)[O-])cc(S(=O)(=O)O)cc32)NC1=O,IC50,8,8.1,IC50,70,7.16,CHEMBL5030507,-0.94,Dual-binder
CHEMBL5086750,C/C=C1\NC(=O)c2csc(n2)CNC(=O)C[C@@H](/C=C/CCSSCCCCCCC)OC(=O)[C@H](CCCCN)NC1=O,IC50,5.8,8.236572006,IC50,10000,5,CHEMBL5030507,-3.236572006,HDAC1-selective
CHEMBL5076638,O=C(CCCCCCC(=O)Nc1ccc(C(=O)NC2CCNCC2)cc1)NO,IC50,150,6.82,IC50,19,7.72,CHEMBL5034012,0.9,Dual-binder
CHEMBL5093179,CCN(CC)CCNC(=O)c1ccc(NC(=O)CCCCCCC(=O)NO)cc1,IC50,70,7.16,IC50,14,7.85,CHEMBL5034012,0.69,Dual-binder
CHEMBL5072502,COc1ccc2[nH]cc(CCN(Cc3ccc(C(=O)NO)cc3)C(=O)/C=C/c3ccc(O)c(OC)c3)c2c1,IC50,773.625,6.11,IC50,30.8,7.51,CHEMBL5036306,1.4,Semi-selective
CHEMBL5076794,COc1ccc2c(c1)c(CCNC(C)=O)cn2Cc1ccc(C(=O)NO)cc1,IC50,262.515,6.58,IC50,11.21,7.95,CHEMBL5036306,1.37,Semi-selective
CHEMBL5076728,O=C(CCCCCCn1cc(Nc2ncc3ccn(Cc4ccccc4F)c3n2)cn1)NO,IC50,34.2,7.47,IC50,8.4,8.08,CHEMBL5038570,0.61,Dual-binder
CHEMBL5081471,O=C(CCCCCCn1cc(Nc2ncc3ccn(-c4ccccc4)c3n2)cn1)NO,IC50,52.1,7.28,IC50,13.1,7.88,CHEMBL5038570,0.6,Dual-binder
CHEMBL5083330,O=C(CCCCCn1cc(Nc2ncc3ccn(Cc4ccccc4F)c3n2)cn1)NO,IC50,144.7,6.84,IC50,15.3,7.82,CHEMBL5038570,0.98,Dual-binder
CHEMBL5087239,O=C(CCCCCCn1cc(Nc2ncc3ccn(Cc4cccc(F)c4)c3n2)cn1)NO,IC50,92.1,7.04,IC50,14.7,7.83,CHEMBL5038570,0.79,Dual-binder
CHEMBL5092781,O=C(CCCCCn1cc(Nc2ncc3ccn(Cc4cccc(F)c4)c3n2)cn1)NO,IC50,172.9,6.76,IC50,13.7,7.86,CHEMBL5038570,1.1,Semi-selective
CHEMBL5070176,O=C(NO)c1cccc(/C=C/c2ccnc(-c3ccccc3O)c2)c1,IC50,1470,5.83,IC50,390,6.41,CHEMBL5038581,0.58,Non-binder
CHEMBL5075646,O=C(NO)c1ccc(/C=C/c2ccnc(-c3ccccc3O)c2)cc1,IC50,220,6.66,IC50,47,7.33,CHEMBL5038581,0.67,Dual-binder
CHEMBL5075694,COc1ccc(-c2cc(/C=C/c3ccc(C(=O)NO)cc3)ccn2)cc1,IC50,690,6.16,IC50,110,6.96,CHEMBL5038581,0.8,Semi-selective
CHEMBL5076948,O=C(NO)c1ccc(/C=C/c2ccncc2)cc1,IC50,630,6.2,IC50,130,6.89,CHEMBL5038581,0.69,Semi-selective
CHEMBL5081128,COc1ccccc1-c1cc(/C=C/c2ccc(C(=O)NO)cc2)ccn1,IC50,1040,5.98,IC50,28,7.55,CHEMBL5038581,1.57,Semi-selective
CHEMBL5081200,Cc1ccc(-c2cc(/C=C/c3ccc(C(=O)NO)cc3)ccn2)cc1,IC50,960,6.02,IC50,150,6.82,CHEMBL5038581,0.8,Semi-selective
CHEMBL5081459,O=C(NO)c1ccc(/C=C/c2ccnc(Br)c2)cc1,IC50,3660,5.44,IC50,320,6.5,CHEMBL5038581,1.06,Non-binder
CHEMBL5081674,O=C(NO)c1ccc(/C=C/c2ccnc(-c3cccc(O)c3)c2)cc1,IC50,290,6.54,IC50,19,7.72,CHEMBL5038581,1.18,Semi-selective
CHEMBL5081983,COc1ccc(F)cc1-c1cncc(/C=C/c2ccc(C(=O)NO)cc2)c1,IC50,670,6.17,IC50,93,7.03,CHEMBL5038581,0.86,Semi-selective
CHEMBL5083395,O=C(NO)c1ccc(/C=C/c2ccnc(-c3cccnc3)c2)cc1,IC50,580,6.24,IC50,14,7.85,CHEMBL5038581,1.61,Semi-selective
CHEMBL5084881,O=C(NO)c1cccc(/C=C/c2ccnc(-c3cc(F)ccc3O)c2)c1,IC50,1510,5.82,IC50,400,6.4,CHEMBL5038581,0.58,Non-binder
CHEMBL5085680,O=C(NO)c1ccc(/C=C/c2ccnc(-c3ccsc3)c2)cc1,IC50,210,6.68,IC50,54,7.27,CHEMBL5038581,0.59,Dual-binder
CHEMBL5087466,O=C(NO)c1ccc(/C=C/c2ccnc(-c3cccc(CO)c3)c2)cc1,IC50,280,6.55,IC50,34,7.47,CHEMBL5038581,0.92,Semi-selective
CHEMBL5087779,O=C(NO)c1ccc(/C=C/c2cccc(-c3ccccc3O)c2)cc1,IC50,930,6.03,IC50,180,6.75,CHEMBL5038581,0.72,Semi-selective
CHEMBL5087823,O=C(NO)c1ccc(/C=C/c2cccc(-c3cc(F)ccc3O)c2)cc1,IC50,2120,5.67,IC50,240,6.62,CHEMBL5038581,0.95,Semi-selective
CHEMBL5087997,O=C(NO)c1ccc(/C=C/c2cncc(-c3ccccc3O)c2)cc1,IC50,3370,5.47,IC50,13,7.89,CHEMBL5038581,2.42,HDAC6-selective
CHEMBL5089538,Cc1ccc(-c2cncc(/C=C/c3ccc(C(=O)NO)cc3)c2)c(F)c1,IC50,1070,5.97,IC50,150,6.82,CHEMBL5038581,0.85,Semi-selective
CHEMBL5092482,O=C(NO)c1ccc(/C=C/c2cccc(-c3cccc(O)c3)c2)cc1,IC50,1240,5.91,IC50,200,6.7,CHEMBL5038581,0.79,Semi-selective
CHEMBL5093633,Cc1ccc(-c2cc(/C=C/c3ccc(C(=O)NO)cc3)ccn2)c(F)c1,IC50,370,6.43,IC50,15,7.82,CHEMBL5038581,1.39,Semi-selective
CHEMBL5094326,O=C(NO)c1ccc(/C=C/c2ccnc(-c3cc(F)ccc3O)c2)cc1,IC50,1140,5.94,IC50,130,6.89,CHEMBL5038581,0.95,Semi-selective
CHEMBL5077171,O=C(CCCCCCCOc1cccc(-c2nc3ccccc3[nH]2)c1)NO,IC50,52,7.28,IC50,9.2,8.04,CHEMBL5038666,0.76,Dual-binder
CHEMBL5086208,O=C(CCCCCCOc1cccc(-c2nc3ccccc3[nH]2)c1)NO,IC50,24,7.62,IC50,47,7.33,CHEMBL5038666,-0.29,Dual-binder
CHEMBL5087772,O=C(CCCCCCOc1ccc(-c2nc3ccc(-c4nc5ccccc5[nH]4)cc3[nH]2)cc1)NO,IC50,31,7.51,IC50,29,7.54,CHEMBL5038666,0.03,Dual-binder
CHEMBL5094029,O=C(CCCCCCCOc1cccc(-c2nc3ccc(-c4nc5ccccc5[nH]4)cc3[nH]2)c1)NO,IC50,47,7.33,IC50,23,7.64,CHEMBL5038666,0.31,Dual-binder
CHEMBL5072785,O=C(CCCCCCCNc1nn2c(=O)c3cc(F)ccc3nc2c2ccccc12)NO,IC50,36.5,7.44,IC50,117,6.93,CHEMBL5042505,-0.51,Dual-binder
CHEMBL5076796,O=C(CCCCCCNc1nn2c(=O)c3cc(Cl)ccc3nc2c2ccccc12)NO,IC50,26.5,7.58,IC50,66.6,7.18,CHEMBL5042505,-0.4,Dual-binder
CHEMBL5078723,O=C(CCCCCCCNc1nn2c(=O)c3cc(Br)ccc3nc2c2ccccc12)NO,IC50,34.2,7.47,IC50,113,6.95,CHEMBL5042505,-0.52,Dual-binder
CHEMBL5084865,O=C(CCCCCCCNc1nn2c(=O)c3ccccc3nc2c2ccccc12)NO,IC50,14,7.85,IC50,44.1,7.36,CHEMBL5042505,-0.49,Dual-binder
CHEMBL5087773,O=C(CCCCCCNc1nn2c(=O)c3ccccc3nc2c2ccccc12)NO,IC50,13.4,7.87,IC50,42.7,7.37,CHEMBL5042505,-0.5,Dual-binder
CHEMBL5090447,O=C(CCCCCCNc1nn2c(=O)c3cc(Br)ccc3nc2c2ccccc12)NO,IC50,23,7.64,IC50,61.3,7.21,CHEMBL5042505,-0.43,Dual-binder
CHEMBL5091856,Cc1ccc2nc3c4ccccc4c(NCCCCCCC(=O)NO)nn3c(=O)c2c1,IC50,12.2,7.91,IC50,32.9,7.48,CHEMBL5042505,-0.43,Dual-binder
CHEMBL5092046,Cc1ccc2nc3c4ccccc4c(NCCCCCCCC(=O)NO)nn3c(=O)c2c1,IC50,13.8,7.86,IC50,37,7.43,CHEMBL5042505,-0.43,Dual-binder
CHEMBL5093545,O=C(CCCCCCCNc1nn2c(=O)c3cc(Cl)ccc3nc2c2ccccc12)NO,IC50,34.8,7.46,IC50,115,6.94,CHEMBL5042505,-0.52,Dual-binder
CHEMBL5093737,O=C(CCCCCCNc1nn2c(=O)c3cc(F)ccc3nc2c2ccccc12)NO,IC50,30.3,7.52,IC50,71,7.15,CHEMBL5042505,-0.37,Dual-binder
CHEMBL5069541,COc1ccc(-c2ncc(/C=C/C(=O)NO)s2)c(OC)c1OC,IC50,5030,5.3,IC50,1090,5.96,CHEMBL5042524,0.66,Non-binder
CHEMBL5070026,COc1cc(-c2ncc(/C=C/C(=O)Nc3ccccc3N)s2)cc(OC)c1OC,IC50,9790,5.01,IC50,9330,5.03,CHEMBL5042524,0.02,Non-binder
CHEMBL5076163,COc1ccc(-c2ncc(/C=C/C(=O)NO)s2)cc1,IC50,4340,5.36,IC50,910,6.04,CHEMBL5042524,0.68,Non-binder
CHEMBL5077674,COc1ccc(-c2ncc(/C=C/C(=O)Nc3ccccc3N)s2)cc1OC,IC50,10430,4.98,IC50,8810,5.05,CHEMBL5042524,0.07,Non-binder
CHEMBL5079482,COc1cc(-c2ncc(/C=C/C(=O)NO)s2)cc(OC)c1OC,IC50,3210,5.49,IC50,2100,5.68,CHEMBL5042524,0.19,Non-binder
CHEMBL5079646,COc1cccc(-c2ncc(/C=C/C(=O)Nc3ccccc3N)s2)c1,IC50,13520,4.87,IC50,9530,5.02,CHEMBL5042524,0.15,Non-binder
CHEMBL5080669,COc1cccc(-c2ncc(C(=O)NCCCCCCC(=O)NO)s2)c1,IC50,3930,5.41,IC50,590,6.23,CHEMBL5042524,0.82,Non-binder
CHEMBL5082644,COc1ccccc1-c1ncc(C(=O)NCCCCCCC(=O)NO)s1,IC50,5130,5.29,IC50,650,6.19,CHEMBL5042524,0.9,Non-binder
CHEMBL5085871,COc1ccc(-c2ncc(C(=O)NCCCCCC(=O)NO)s2)c(OC)c1,IC50,11210,4.95,IC50,76,7.12,CHEMBL5042524,2.17,HDAC6-selective
CHEMBL5092352,COc1ccc(-c2ncc(C(=O)NCCCCCCC(=O)NO)[nH]2)c(OC)c1,IC50,4660,5.33,IC50,48,7.32,CHEMBL5042524,1.99,Semi-selective
CHEMBL5093602,CC(C)(C)OC(=O)Nc1ccc(-c2ncc(C(=O)NCCCCCCC(=O)NO)s2)cc1,IC50,9320,5.03,IC50,67,7.17,CHEMBL5042524,2.14,HDAC6-selective
CHEMBL5093832,COc1ccc(-c2ncc(C(=O)NCCCCCCC(=O)NO)s2)c(OC)c1,IC50,3190,5.5,IC50,31,7.51,CHEMBL5042524,2.01,HDAC6-selective
CHEMBL5073322,CN1c2ccc(F)cc2C(=O)N2CCc3c([nH]c4ccc(OCc5ccc(/C=C/C(=O)NO)cc5)cc34)C21,IC50,36,7.44,IC50,89,7.05,CHEMBL5046291,-0.39,Dual-binder
CHEMBL5088430,CN1c2ccc(F)cc2C(=O)N2CCc3c([nH]c4ccc(OCc5ccc(/C=C/C(=O)Nc6ccccc6N)cc5)cc34)C21,IC50,320,6.5,IC50,11000,4.96,CHEMBL5046291,-1.54,Non-binder
CHEMBL5088034,O=C(CCCSC[C@H](NC(=O)OCc1ccccc1)C(=O)Nc1cccc2ccccc12)NO,IC50,150,6.82,IC50,19.6,7.71,CHEMBL5055644,0.89,Dual-binder
CHEMBL5089854,O=C(CCCSC[C@H](NC(=O)c1ccccc1)C(=O)Nc1ccccc1)NO,IC50,198,6.7,IC50,13.7,7.86,CHEMBL5055644,1.16,Semi-selective
CHEMBL5093258,O=C(CCCSC[C@H](NC(=O)OCc1ccccc1)C(=O)Nc1ccccc1)NO,IC50,172.2,6.76,IC50,20.6,7.69,CHEMBL5055644,0.93,Dual-binder
CHEMBL5075423,Cn1cccc1C(=O)Nc1cccc(CCC(=O)NO)c1,IC50,1282,5.89,IC50,620,6.21,CHEMBL5055650,0.32,Non-binder
CHEMBL5077168,CCc1c(C(=O)Nc2cc(/C=C/C(=O)NO)ccc2OC)[nH]c(C)c1C(C)=O,IC50,179,6.75,IC50,42,7.38,CHEMBL5055650,0.63,Dual-binder
CHEMBL5079915,CCc1c(C(=O)Nc2cc(/C=C/C(=O)NO)ccc2O)[nH]c(C)c1C(C)=O,IC50,142,6.85,IC50,80,7.1,CHEMBL5055650,0.25,Dual-binder
CHEMBL5080049,COc1ccc(S(=O)(=O)n2ccc(/C=C/C(=O)NO)c2)cc1NC(=O)c1[nH]c(C)c2c1CCCCC2=O,IC50,93,7.03,IC50,46,7.34,CHEMBL5055650,0.31,Dual-binder
CHEMBL5083849,Cc1[nH]c(C(=O)Nc2cc(S(=O)(=O)N3CCOCC3)ccc2OCCCCCCCC(=O)NO)c2c1C(=O)CCCC2,IC50,163,6.79,IC50,67,7.17,CHEMBL5055650,0.38,Dual-binder
CHEMBL5088769,Cc1c2c(c(C(=O)Nc3cc(S(=O)(=O)N4CCOCC4)ccc3OCCCCCCCC(=O)NO)n1C)CCCCC2=O,IC50,330,6.48,IC50,320,6.5,CHEMBL5055650,0.02,Non-binder
CHEMBL5092849,CCc1c(C(=O)Nc2cc(S(=O)(=O)Nc3cccc(/C=C/C(=O)NO)c3)ccc2OC)[nH]c(C)c1C(C)=O,IC50,97,7.01,IC50,73,7.14,CHEMBL5055650,0.13,Dual-binder
CHEMBL5094765,CCc1c(C(=O)Nc2cccc(CCC(=O)NO)c2)[nH]c(C)c1C(C)=O,IC50,900,6.05,IC50,658,6.18,CHEMBL5055650,0.13,Non-binder
CHEMBL5094795,CCc1c(C(=O)Nc2cccc(/C=C/C(=O)NO)c2)[nH]c(C)c1C(C)=O,IC50,125,6.9,IC50,45,7.35,CHEMBL5055650,0.45,Dual-binder
CHEMBL5172211,O=C(NO)c1ccc(CN2C(=O)CSC2=O)cc1,IC50,388,6.41,IC50,21,7.68,CHEMBL5096156,1.27,Semi-selective
CHEMBL5185889,O=C(NO)c1ccc(Cn2sc3ccccc3c2=O)cc1,IC50,250,6.6,IC50,3,8.52,CHEMBL5096156,1.92,Semi-selective
CHEMBL5188297,O=C(CCCCCCC(=O)N/N=C/c1cnc(N(c2ccccc2)c2ccccc2)nc1)NO,IC50,8.35,8.08,IC50,0.4,9.4,CHEMBL5096156,1.32,Semi-selective
CHEMBL5194437,O=C(NO)c1ccc(CC(=O)N(CCO)C(=O)Cc2ccccc2)cc1,IC50,842,6.08,IC50,25,7.6,CHEMBL5096156,1.52,Semi-selective
CHEMBL5195946,COc1ccc2c3c(cccc13)C(=O)N(Cc1ccc(C(=O)NO)cc1)C2=O,IC50,108,6.97,IC50,0.1,10,CHEMBL5096156,3.03,HDAC6-selective
CHEMBL5206179,CCCC1=C(Nc2ccc(C(=O)NO)cc2)C2N=CC=CC2=N1,IC50,2200,5.66,IC50,58,7.24,CHEMBL5096156,1.58,Semi-selective
CHEMBL5171372,COc1cc(C(=O)c2csc(-c3ccc(NC(=O)CCCCC(=O)Nc4ccccc4N)cc3)n2)cc(OC)c1OC,IC50,8120,5.09,IC50,36370,4.44,CHEMBL5096187,-0.65,Non-binder
CHEMBL5172143,COc1cc(C(=O)c2csc(-c3ccc(NC(=O)CCCCCC(=O)Nc4ccccc4N)cc3)n2)cc(OC)c1OC,IC50,8530,5.07,IC50,27250,4.57,CHEMBL5096187,-0.5,Non-binder
CHEMBL5176029,COc1cc(C(=O)c2csc(-c3ccc(NC(=O)CCCC(=O)Nc4ccccc4N)cc3)n2)cc(OC)c1OC,IC50,9040,5.04,IC50,31040,4.51,CHEMBL5096187,-0.53,Non-binder
CHEMBL5177326,COc1cc(C(=O)c2csc(-c3ccc(NC(=O)CC(=O)Nc4ccccc4N)cc3)n2)cc(OC)c1OC,IC50,4070,5.39,IC50,21060,4.68,CHEMBL5096187,-0.71,Non-binder
CHEMBL5178280,COc1cc(C(=O)c2csc(-c3ccc(NC(=O)/C=C/C(=O)NO)cc3)n2)cc(OC)c1OC,IC50,17460,4.76,IC50,1050,5.98,CHEMBL5096187,1.22,Non-binder
CHEMBL5178391,COc1cc(C(=O)c2csc(-c3ccc(/C=C/C(=O)Nc4ccccc4N)cc3)n2)cc(OC)c1OC,IC50,11040,4.96,IC50,22530,4.65,CHEMBL5096187,-0.31,Non-binder
CHEMBL5185697,COc1cc(C(=O)c2csc(-c3ccc(NC(=O)/C=C/C(=O)Nc4ccccc4N)cc3)n2)cc(OC)c1OC,IC50,14390,4.84,IC50,30220,4.52,CHEMBL5096187,-0.32,Non-binder
CHEMBL5188491,COc1cc(C(=O)c2csc(-c3ccc(OCCCCCCC(=O)Nc4ccccc4N)cc3)n2)cc(OC)c1OC,IC50,7490,5.13,IC50,27130,4.57,CHEMBL5096187,-0.56,Non-binder
CHEMBL5189769,COc1cc(C(=O)c2csc(-c3ccc(NC(=O)CCCCC(=O)NO)cc3)n2)cc(OC)c1OC,IC50,16610,4.78,IC50,2550,5.59,CHEMBL5096187,0.81,Non-binder
CHEMBL5192326,COc1cc(C(=O)c2csc(-c3ccc(/C=C/C(=O)NO)cc3)n2)cc(OC)c1OC,IC50,8490,5.07,IC50,1590,5.8,CHEMBL5096187,0.73,Non-binder
CHEMBL5192330,COc1cc(C(=O)c2csc(-c3ccc(NC(=O)CCCCCC(=O)NO)cc3)n2)cc(OC)c1OC,IC50,19100,4.72,IC50,1940,5.71,CHEMBL5096187,0.99,Non-binder
CHEMBL5193181,COc1cc(C(=O)c2csc(-c3ccc(NC(=O)c4ccc(C(=O)Nc5ccccc5N)cc4)cc3)n2)cc(OC)c1OC,IC50,10530,4.98,IC50,36260,4.44,CHEMBL5096187,-0.54,Non-binder
CHEMBL5194080,COc1cc(C(=O)c2csc(-c3ccc(NCC(=O)Nc4ccccc4N)cc3)n2)cc(OC)c1OC,IC50,9800,5.01,IC50,27070,4.57,CHEMBL5096187,-0.44,Non-binder
CHEMBL5194919,COc1cc(C(=O)c2csc(-c3ccc(NCCC(=O)Nc4ccccc4N)cc3)n2)cc(OC)c1OC,IC50,10710,4.97,IC50,23780,4.62,CHEMBL5096187,-0.35,Non-binder
CHEMBL5199527,COc1cc(C(=O)c2csc(-c3ccc(OCCCC(=O)NO)cc3)n2)cc(OC)c1OC,IC50,6270,5.2,IC50,1150,5.94,CHEMBL5096187,0.74,Non-binder
CHEMBL5203312,COc1cc(C(=O)c2csc(-c3ccc(OCc4ccc(C(=O)NO)cc4)cc3)n2)cc(OC)c1OC,IC50,7190,5.14,IC50,1980,5.7,CHEMBL5096187,0.56,Non-binder
CHEMBL5204420,COc1cc(C(=O)c2csc(-c3ccc(NC(=O)CCCCCCC(=O)Nc4ccccc4N)cc3)n2)cc(OC)c1OC,IC50,9880,5,IC50,29150,4.54,CHEMBL5096187,-0.46,Non-binder
CHEMBL5204835,COc1cc(C(=O)c2csc(-c3ccc(NC(=O)CCCC(=O)NO)cc3)n2)cc(OC)c1OC,IC50,10120,5,IC50,1730,5.76,CHEMBL5096187,0.76,Non-binder
CHEMBL5206232,COc1cc(C(=O)c2csc(-c3ccc(NC(=O)CCC(=O)NO)cc3)n2)cc(OC)c1OC,IC50,7360,5.13,IC50,1860,5.73,CHEMBL5096187,0.6,Non-binder
CHEMBL5206573,COc1cc(C(=O)c2csc(-c3ccc(C#CCCC(=O)Nc4ccccc4N)cc3)n2)cc(OC)c1OC,IC50,9770,5.01,IC50,20230,4.69,CHEMBL5096187,-0.32,Non-binder
CHEMBL5208258,COc1cc(C(=O)c2csc(-c3ccc(O/C=C/c4ccc(CC(=O)NO)cc4)cc3)n2)cc(OC)c1OC,IC50,6860,5.16,IC50,2070,5.68,CHEMBL5096187,0.52,Non-binder
CHEMBL5170140,C#Cc1nc(/C=C/C=C/C(=O)NO)cs1,IC50,1000,6,IC50,160,6.8,CHEMBL5096224,0.8,Semi-selective
CHEMBL5172507,O=C(CCCCCCNC(=O)c1csc(Br)n1)NO,IC50,60,7.22,IC50,6,8.22,CHEMBL5096224,1,Semi-selective
CHEMBL5174162,O=C(CCCCC/C=C/c1csc(Br)n1)NO,IC50,170,6.77,IC50,24,7.62,CHEMBL5096224,0.85,Dual-binder
CHEMBL5181479,C#Cc1nc(/C=C/C(=O)NO)cs1,IC50,890,6.05,IC50,160,6.8,CHEMBL5096224,0.75,Semi-selective
CHEMBL5181798,C#Cc1nc(/C=C\CCCCCC(=O)NO)cs1,IC50,130,6.89,IC50,25,7.6,CHEMBL5096224,0.71,Dual-binder
CHEMBL5186798,C#Cc1nc(/C=C/CCCCCC(=O)NO)cs1,IC50,72,7.14,IC50,10,8,CHEMBL5096224,0.86,Dual-binder
CHEMBL5193020,O=C(CCCCC/C=C\c1csc(Br)n1)NO,IC50,290,6.54,IC50,4,8.4,CHEMBL5096224,1.86,Semi-selective
CHEMBL5204550,O=C(/C=C/c1csc(Br)n1)NO,IC50,150000,3.823908741,IC50,170,6.769551079,CHEMBL5096224,2.945642338,HDAC6-selective
CHEMBL5206154,O=C(/C=C/C=C/c1csc(Br)n1)NO,IC50,3000,5.52,IC50,160,6.8,CHEMBL5096224,1.28,Semi-selective
CHEMBL5209294,C#Cc1nc(C(=O)NCCCCCCC(=O)NO)cs1,IC50,67,7.17,IC50,1,9,CHEMBL5096224,1.83,Semi-selective
CHEMBL5179735,O=C(CCCCCCOc1ccc(-c2nnc(-c3ccccc3)s2)cc1)NO,IC50,82,7.09,IC50,64,7.19,CHEMBL5108012,0.1,Dual-binder
CHEMBL5182740,O=C(CCCCCOc1cccc(-c2nnc(-c3ccccc3)s2)c1)NO,IC50,15,7.82,IC50,20,7.7,CHEMBL5108012,-0.12,Dual-binder
CHEMBL5193360,O=C(CCCCCCOc1cccc(-c2nnc(-c3ccccc3)s2)c1)NO,IC50,19,7.72,IC50,185,6.73,CHEMBL5108012,-0.99,Dual-binder
CHEMBL5204591,O=C(CCCCCCOc1cccc(-c2nnc(-c3ccccc3Cl)s2)c1)NO,IC50,168,6.78,IC50,30,7.52,CHEMBL5108012,0.74,Dual-binder
CHEMBL5205120,O=C(CCCCOc1cccc(-c2nnc(-c3ccccc3)s2)c1)NO,IC50,179,6.75,IC50,32,7.5,CHEMBL5108012,0.75,Dual-binder
CHEMBL5171670,Cc1cc(C)c(CNC(=O)c2cc(-c3ccc(N4CCN(C(=O)CCCCC(=O)NO)CC4)nc3)cc3c2cnn3C(C)C)c(=O)[nH]1,IC50,7560,5.12,IC50,1730,5.76,CHEMBL5108052,0.64,Non-binder
CHEMBL5173660,Cc1cc(C)c(CNC(=O)c2cc(-c3ccc(N4CCN(CCCCCCCCC(=O)NO)CC4)nc3)cc3c2cnn3C(C)C)c(=O)[nH]1,IC50,700,6.16,IC50,390,6.41,CHEMBL5108052,0.25,Non-binder
CHEMBL5174790,CCN(c1cc(-c2ccc(N3CCN(c4ncc(C(=O)NO)cn4)CC3)nc2)cc(C(=O)NCc2c(C)cc(C)[nH]c2=O)c1C)C1CCOCC1,IC50,540,6.27,IC50,2580,5.59,CHEMBL5108052,-0.68,Non-binder
CHEMBL5177731,Cc1cc(C)c(CNC(=O)c2cc(-c3ccc(N4CCN(C(=O)CCCC(=O)NO)CC4)nc3)cc3c2cnn3C(C)C)c(=O)[nH]1,IC50,3330,5.48,IC50,1750,5.76,CHEMBL5108052,0.28,Non-binder
CHEMBL5182624,Cc1cc(C)c(CNC(=O)c2cc(-c3ccc(NC(=O)CCCCCCC(=O)NO)cc3)cc3c2cnn3C(C)C)c(=O)[nH]1,IC50,320,6.5,IC50,180,6.75,CHEMBL5108052,0.25,Semi-selective
CHEMBL5184172,Cc1cc(C)c(CNC(=O)c2cc(-c3ccc(N4CCN(CCCCCCC(=O)NO)CC4)nc3)cc3c2cnn3C(C)C)c(=O)[nH]1,IC50,5540,5.26,IC50,710,6.15,CHEMBL5108052,0.89,Non-binder
CHEMBL5187019,Cc1cc(C)c(CNC(=O)c2cc(-c3ccc(N4CCN(Cc5ccc(NC(=O)CCCCCCC(=O)NO)cc5)CC4)nc3)cc3c2cnn3C(C)C)c(=O)[nH]1,IC50,1540,5.81,IC50,700,6.16,CHEMBL5108052,0.35,Non-binder
CHEMBL5188854,Cc1cc(C)c(CNC(=O)c2cc(-c3ccc(N4CCN(CCCCCCCCCC(=O)NO)CC4)nc3)cc3c2cnn3C(C)C)c(=O)[nH]1,IC50,6020,5.22,IC50,3320,5.48,CHEMBL5108052,0.26,Non-binder
CHEMBL5189365,Cc1cc(C)c(CNC(=O)c2cc(-c3ccc(N4CCN(c5ncc(C(=O)NO)cn5)CC4)nc3)cc3c2cnn3C(C)C)c(=O)[nH]1,IC50,120,6.92,IC50,700,6.16,CHEMBL5108052,-0.76,Semi-selective
CHEMBL5191470,Cc1cc(C)c(CNC(=O)c2cc(-c3ccc(N4CCN(CCCCCCCC(=O)NO)CC4)nc3)cc3c2cnn3C(C)C)c(=O)[nH]1,IC50,750,6.12,IC50,410,6.39,CHEMBL5108052,0.27,Non-binder
CHEMBL5192032,Cc1cc(C)c(CNC(=O)c2cc(-c3ccc(NC(=O)CCCCCC(=O)NO)cc3)cc3c2cnn3C(C)C)c(=O)[nH]1,IC50,640,6.19,IC50,250,6.6,CHEMBL5108052,0.41,Semi-selective
CHEMBL5192423,Cc1cc(C)c(CNC(=O)c2cc(-c3ccc(N4CCN(C(=O)CCCCCCC(=O)NO)CC4)nc3)cc3c2cnn3C(C)C)c(=O)[nH]1,IC50,940,6.03,IC50,82,7.09,CHEMBL5108052,1.06,Semi-selective
CHEMBL5193584,Cc1cc(C)c(CNC(=O)c2cc(-c3ccc(N4CCN(C(=O)CCCCCC(=O)NO)CC4)nc3)cc3c2cnn3C(C)C)c(=O)[nH]1,IC50,2870,5.54,IC50,150,6.82,CHEMBL5108052,1.28,Semi-selective
CHEMBL5196140,Cc1cc(C)c(CNC(=O)c2cc(-c3ccc(N4CCN(CCCCC(=O)NO)CC4)nc3)cc3c2cnn3C(C)C)c(=O)[nH]1,IC50,8220,5.08,IC50,3580,5.45,CHEMBL5108052,0.37,Non-binder
CHEMBL5200979,CCN(c1cc(-c2ccc(N3CCN(CCCCCCCCC(=O)NO)CC3)nc2)cc(C(=O)NCc2c(C)cc(C)[nH]c2=O)c1C)C1CCOCC1,IC50,4020,5.4,IC50,1900,5.72,CHEMBL5108052,0.32,Non-binder
CHEMBL178,COc1cccc2c1C(=O)c1c(O)c3c(c(O)c1C2=O)C[C@@](O)(C(C)=O)C[C@@H]3O[C@H]1C[C@H](N)[C@H](O)[C@H](C)O1,IC50,47,7.33,IC50,20,7.7,CHEMBL5113372,0.37,Dual-binder
CHEMBL4217364,CCCc1nn(C)c2c(=O)[nH]c(-c3cc(CC4CC(C(=O)NO)C4)ccc3OCC)nc12,IC50,310,6.51,IC50,81,7.09,CHEMBL5113372,0.58,Semi-selective
CHEMBL5172893,C[C@H]1CN(Cc2ccc(/C=C/C(=O)NO)cc2)C[C@@H]1c1nc2c(cnn2C2CCOCC2)c(=O)[nH]1,IC50,138,6.86,IC50,508,6.29,CHEMBL5113372,-0.57,Semi-selective
CHEMBL5178922,O=C(CCCCCCN1CC(c2ccc3ncnc(Nc4ccc(Br)cc4F)c3c2)N=N1)NO,IC50,1.1,8.96,IC50,4.3,8.37,CHEMBL5113372,-0.59,Dual-binder
CHEMBL5190225,Cc1nc2c(F)cc(-c3nc(Nc4ccc(CNC(=O)CCCCCCC(=O)NO)cc4)ncc3F)cc2n1C(C)C,IC50,26,7.58,IC50,5.9,8.23,CHEMBL5113372,0.65,Dual-binder
CHEMBL5197918,CCC(CC)(c1ccc(OCC(=O)NO)c(C)c1)c1ccc(OCC(O)C(C)(C)C)c(C)c1,IC50,14300,4.844663963,IC50,580000,3.236572006,CHEMBL5113372,-1.608091957,Non-binder
CHEMBL5199795,C[C@H]1COc2c(N3CCN(C)CC3)c(F)cc3c(=O)c(C(=O)NCC4CN(CC(=O)NO)N=N4)cn1c23,IC50,29,7.54,IC50,21,7.68,CHEMBL5113372,0.14,Dual-binder
CHEMBL5202439,O=C(CCCCc1cn(-c2ccc(C(=O)c3c(-c4ccc(O)cc4)sc4cc(O)ccc34)cc2)nn1)NO,IC50,1820,5.74,IC50,1300,5.89,CHEMBL5113372,0.15,Non-binder
CHEMBL5205944,O=C(CCCCNC(=S)Nc1ccc(/C=C/C(=O)c2cccnc2)cc1)NO,IC50,3380,5.47,IC50,4100,5.39,CHEMBL5113372,-0.08,Non-binder
CHEMBL5205968,C[C@H]1CN(Cc2ccc(C(=O)NO)cc2)C[C@@H]1c1nc2c(cnn2C2CCCC2)c(=O)[nH]1,IC50,593,6.23,IC50,40,7.4,CHEMBL5113372,1.17,Semi-selective
CHEMBL5185297,O=C(COc1ccc(CNCCc2c[nH]c3ccccc23)c(F)c1)NO,IC50,2.1,8.68,IC50,14,7.85,CHEMBL5113441,-0.83,Dual-binder
CHEMBL5185310,Cc1[nH]c2ccccc2c1C1=CCC(NCc2ccc(OCC(=O)NO)cc2F)CC1,IC50,1.6,8.8,IC50,13,7.89,CHEMBL5113441,-0.91,Dual-binder
CHEMBL5174143,CC(C)c1cc(C(=O)N(C)Cc2ccc(C(=O)NO)cc2)c(O)cc1O,IC50,654.5,6.18,IC50,106,6.97,CHEMBL5113492,0.79,Semi-selective
CHEMBL5188138,CN(Cc1ccc(C(=O)NO)cc1)C(=O)c1ccccc1,IC50,342.7,6.46,IC50,30.9,7.51,CHEMBL5113492,1.05,Semi-selective
CHEMBL5189911,CC1(NCc2ccc(C(=O)NCc3ccc(/C=C/C(=O)NO)cc3)cc2)CCN(c2cnc(-c3cccc(Cl)c3Cl)c(N)n2)CC1,IC50,25,7.6,IC50,27,7.57,CHEMBL5113534,-0.03,Dual-binder
CHEMBL5198194,CC1(NCC(=O)NCc2ccc(/C=C/C(=O)NO)cc2)CCN(c2cnc(-c3cccc(Cl)c3Cl)c(N)n2)CC1,IC50,68,7.17,IC50,166,6.78,CHEMBL5113534,-0.39,Dual-binder
CHEMBL5183909,O=C1NC(=O)/C(=C\c2ccc(OCC(=O)N3N=C(c4ccc(F)cc4)CC3c3ccc(Cl)c(Cl)c3)cc2)S1,IC50,11000,4.96,IC50,13000,4.89,CHEMBL5120742,-0.07,Non-binder
CHEMBL5194067,O=C1NC(=O)/C(=C\c2ccc(OCC(=O)N3N=C(c4ccccc4)CC3c3ccc(Cl)c(Cl)c3)cc2)S1,IC50,4900,5.31,IC50,39000,4.41,CHEMBL5120742,-0.9,Non-binder
CHEMBL5181059,COc1ccc(Cn2ccc3ccc(C(=O)NO)cc32)cc1C(=O)NCCCCNc1ccc(S(=O)(=O)N(C)C)c2nonc12,Kd,79400,4.100179498,Kd,137000,3.863279433,CHEMBL5126588,-0.236900065,Non-binder
CHEMBL5197578,COc1ccc(Cn2ccc3ccc(C(=O)NO)cc32)cc1C(=O)NCCNc1ccc(S(=O)(=O)N(C)C)c2nonc12,Kd,16200,4.79,Kd,29400,4.53,CHEMBL5126588,-0.26,Non-binder
CHEMBL5202271,COc1ccc(Cn2ccc3ccc(C(=O)NO)cc32)cc1C(=O)NCCCNc1ccc(S(=O)(=O)N(C)C)c2nonc12,Kd,20600,4.69,Kd,20100,4.7,CHEMBL5126588,0.01,Non-binder
CHEMBL5169341,O=C(CCCCCCn1c(C(=O)NC2C3CC4CC(C3)CC2C4)cc2ccccc21)NO,IC50,2.1,8.68,IC50,2.43,8.61,CHEMBL5131384,-0.07,Dual-binder
CHEMBL5171183,O=C(CCCCCCn1cc(C(=O)Nc2ccc(Cl)cc2Cl)c2ccccc21)NO,IC50,2.53,8.6,IC50,3.73,8.43,CHEMBL5131384,-0.17,Dual-binder
CHEMBL5171482,O=C(CCCCCCn1c(C(=O)NC2C3CC4CC(C3)CC2C4)cc2ccc(Br)cc21)NO,IC50,3.16,8.5,IC50,4.64,8.33,CHEMBL5131384,-0.17,Dual-binder
CHEMBL5173462,O=C(NC1C2CC3CC(C2)CC1C3)c1cn(CCCCCCS)c2ccccc12,IC50,169.05,6.77,IC50,19.03,7.72,CHEMBL5131384,0.95,Dual-binder
CHEMBL5173771,O=C(CCCCCCn1cc(C(=O)N2CCOCC2)c2ccccc21)NO,IC50,8.95,8.05,IC50,7.59,8.12,CHEMBL5131384,0.07,Dual-binder
CHEMBL5174843,O=C(CCCCCCn1cc(C(=O)NC2CCCCCC2)c2ccccc21)NO,IC50,2,8.7,IC50,2.11,8.68,CHEMBL5131384,-0.02,Dual-binder
CHEMBL5175796,COc1ccc2c(c1)cc(C(=O)NC1C3CC4CC(C3)CC1C4)n2CCCCCCC(=O)NO,IC50,1.16,8.94,IC50,2.3,8.64,CHEMBL5131384,-0.3,Dual-binder
CHEMBL5176749,O=C(CCCCn1cc(C(=O)NC2C3CC4CC(C3)CC2C4)c2ccccc21)NO,IC50,53.58,7.27,IC50,39.87,7.4,CHEMBL5131384,0.13,Dual-binder
CHEMBL5180181,O=C(CCCCCCn1c(C(=O)NC2C3CC4CC(C3)CC2C4)cc2cc(Cl)ccc21)NO,IC50,2.16,8.67,IC50,6.84,8.16,CHEMBL5131384,-0.51,Dual-binder
CHEMBL5180263,O=C(CCCCCCn1nc(C(=O)NC2C3CC4CC(C3)CC2C4)c2ccccc21)NO,IC50,2.96,8.53,IC50,2.72,8.56,CHEMBL5131384,0.03,Dual-binder
CHEMBL5185898,O=C(CCCCCCn1cc(C(=O)NC2CCCCCCC2)c2ccccc21)NO,IC50,1.31,8.88,IC50,1.8,8.74,CHEMBL5131384,-0.14,Dual-binder
CHEMBL5187827,O=C(NC1C2CC3CC(C2)CC1C3)c1cn(CCCCCCCS)c2ccccc12,IC50,187.95,6.73,IC50,231.8,6.63,CHEMBL5131384,-0.1,Dual-binder
CHEMBL5188338,O=C(NO)c1ccc(Cn2cc(C(=O)NC3C4CC5CC(C4)CC3C5)c3ccccc32)cc1,IC50,115.2,6.94,IC50,5.29,8.28,CHEMBL5131384,1.34,Semi-selective
CHEMBL5189457,O=C(CCCCCCn1cc(C(=O)NCc2ccc(Cl)cc2)c2ccccc21)NO,IC50,2.31,8.64,IC50,1.56,8.81,CHEMBL5131384,0.17,Dual-binder
CHEMBL5191345,O=C(CCCCCCn1c(C(=O)NC2C3CC4CC(C3)CC2C4)nc2ccccc21)NO,IC50,1.68,8.78,IC50,5.25,8.28,CHEMBL5131384,-0.5,Dual-binder
CHEMBL5192298,O=C(CCCCCn1cc(C(=O)NC2C3CC4CC(C3)CC2C4)c2ccccc21)NO,IC50,67.39,7.17,IC50,10.42,7.98,CHEMBL5131384,0.81,Dual-binder
CHEMBL5197455,O=C(CCCCCCn1cc(C(=O)NC2CCCCC2)c2ccccc21)NO,IC50,1.56,8.81,IC50,2.32,8.63,CHEMBL5131384,-0.18,Dual-binder
CHEMBL5206239,O=C(CCCCCCn1cc(C(=O)NC2C3CC4CC(C3)CC2C4)c2ccccc21)NO,IC50,2.04,8.69,IC50,1.7,8.77,CHEMBL5131384,0.08,Dual-binder
CHEMBL5208182,O=C(/C=C/c1ccc(Cn2cc(C(=O)NC3C4CC5CC(C4)CC3C5)c3ccccc32)cc1)NO,IC50,143.25,6.84,IC50,73.27,7.13,CHEMBL5131384,0.29,Dual-binder
CHEMBL5208269,O=C(CCCCCCn1cc(C(=O)NC23CC4CC(CC(C4)C2)C3)c2ccccc21)NO,IC50,1.16,8.94,IC50,1.92,8.72,CHEMBL5131384,-0.22,Dual-binder
CHEMBL5173958,O=C(/C=C/C1CCN(Cc2cccc3ccccc23)CC1)NO,IC50,3000,5.52,IC50,3700,5.43,CHEMBL5131507,-0.09,Non-binder
CHEMBL5184156,O=C(/C=C/C1CCN(CCc2ccccc2)CC1)NO,IC50,16000,4.8,IC50,4400,5.36,CHEMBL5131507,0.56,Non-binder
CHEMBL5188463,O=C(/C=C/C1CCN(Cc2ccc(Cl)cc2)CC1)NO,IC50,9000,5.05,IC50,430,6.37,CHEMBL5131507,1.32,Non-binder
CHEMBL5199007,O=C(CCCCCCC(=O)Nc1nc2c(s1)C[C@@H](NC(=O)c1cccc3ccccc13)CC2)NO,IC50,1.4,8.85,IC50,4.6,8.34,CHEMBL5136981,-0.51,Dual-binder
CHEMBL5201623,CC(C)n1cnc2c(-c3cccc(OCCCC(=O)NO)c3)nc(N3CCOCC3)nc21,IC50,82,7.09,IC50,24,7.62,CHEMBL5136981,0.53,Dual-binder
CHEMBL5178565,COc1ccc(CNC(=O)c2cc(F)ccc2N2CCOCC2)cc1OCC(=O)NO,IC50,8855,5.05,IC50,2421,5.62,CHEMBL5137082,0.57,Non-binder
CHEMBL5191492,COc1ccc(CNC(=O)c2cc(F)ccc2N2CCOCC2)cc1/C=C/C(=O)NO,IC50,115,6.94,IC50,138,6.86,CHEMBL5137082,-0.08,Dual-binder
CHEMBL5202479,COc1ccc(CNC(=O)c2cc(C(=O)Nc3ccccc3N)ccc2N2CCOCC2)cc1O,IC50,16508,4.78,IC50,668,6.17,CHEMBL5137082,1.39,Non-binder
CHEMBL5171820,COc1cc2nc(N3CCN(CCCCCC(=O)NO)CC3)nc(NC3CCN(C(C)C)CC3)c2cc1OC,IC50,51,7.29,IC50,24,7.62,CHEMBL5143537,0.33,Dual-binder
CHEMBL5171881,COc1cc2nc(NCCCCCC(=O)NO)nc(NC3CCN(C(C)C)CC3)c2cc1OC,IC50,8.4,8.08,IC50,131,6.88,CHEMBL5143537,-1.2,Semi-selective
CHEMBL5182385,COc1cc2nc(NCCCCCC(=O)NO)nc(NC3CCN(C)CC3)c2cc1OC,IC50,1.3,8.89,IC50,51,7.29,CHEMBL5143537,-1.6,Semi-selective
CHEMBL5187697,COc1cc2nc(NCCCCCCC(=O)NO)nc(NC3CCN(C)CC3)c2cc1OC,IC50,5.8,8.24,IC50,16,7.8,CHEMBL5143537,-0.44,Dual-binder
CHEMBL5191361,COc1cc2nc(N3CCN(CCCCCC(=O)NO)CC3)nc(NC3CCN(Cc4ccccc4)CC3)c2cc1OC,IC50,89,7.05,IC50,13,7.89,CHEMBL5143537,0.84,Dual-binder
CHEMBL5201140,COc1cc2nc(NCCCCCC(=O)NO)nc(NC3CCN(Cc4ccccc4)CC3)c2cc1OC,IC50,3.2,8.49,IC50,17,7.77,CHEMBL5143537,-0.72,Dual-binder
CHEMBL5204152,COc1cc2nc(NCCCCCCC(=O)NO)nc(NC3CCN(C(C)C)CC3)c2cc1OC,IC50,4.2,8.38,IC50,12,7.92,CHEMBL5143537,-0.46,Dual-binder
CHEMBL5206158,COc1cc2nc(N3CCN(Cc4ccc(/C=C/C(=O)NO)cc4)CC3)nc(NC3CCN(Cc4ccccc4)CC3)c2cc1OC,IC50,94,7.03,IC50,50,7.3,CHEMBL5143537,0.27,Dual-binder
CHEMBL5187023,O=C(CCCCc1nnc(-c2cc3c([nH]c4ccccc43)c(-c3ccc(C(F)(F)F)cc3)n2)o1)NO,IC50,2.2,8.66,IC50,6,8.22,CHEMBL5143621,-0.44,Dual-binder
CHEMBL5192364,COc1cc(-c2nc(-c3nnc(CCCCC(=O)NO)o3)cc3c2[nH]c2ccccc23)cc(OC)c1OC,IC50,1.4,8.85,IC50,7.3,8.14,CHEMBL5143621,-0.71,Dual-binder
CHEMBL5177696,COc1cc(OC)cc(N(CCNC(C)C)c2ccc3ncc(-c4cnn(CCCCCCC(=O)NO)c4)nc3c2)c1,IC50,1.3,8.89,IC50,2.6,8.59,CHEMBL5150061,-0.3,Dual-binder
CHEMBL5179582,COc1cc(OC)cc(N(CCCCCC(=O)NO)c2ccc3ncc(-c4cnn(C)c4)nc3c2)c1,IC50,2.6,8.59,IC50,6.3,8.2,CHEMBL5150061,-0.39,Dual-binder
CHEMBL5181688,COc1cc(OC)cc(N(CCNC(C)C)c2ccc3ncc(-c4cnn(CCOc5ccc(C(=O)NO)cc5)c4)nc3c2)c1,IC50,5.9,8.23,IC50,3.4,8.47,CHEMBL5150061,0.24,Dual-binder
CHEMBL5186206,COc1cc(OC)cc(N(CCCCC(=O)NO)c2ccc3ncc(-c4cnn(C)c4)nc3c2)c1,IC50,157,6.8,IC50,107,6.97,CHEMBL5150061,0.17,Dual-binder
CHEMBL5191916,COc1cc(OC)cc(N(CCCCCCC(=O)NO)c2ccc3ncc(-c4cnn(C)c4)nc3c2)c1,IC50,5.8,8.24,IC50,13,7.89,CHEMBL5150061,-0.35,Dual-binder
CHEMBL5170598,C#CCN(C)CCCOc1cc(NC(=O)CCCCCCC(=O)NO)ccc1Cl,IC50,30,7.52,IC50,10,8,CHEMBL5154693,0.48,Dual-binder
CHEMBL5177240,C#CCN(C)CCCOc1cc(NC(=O)CCCCCCC(=O)NO)c(Cl)cc1Cl,IC50,3290,5.48,IC50,60,7.22,CHEMBL5154693,1.74,Semi-selective
CHEMBL5178014,C#CCN(C)CCCOc1cc(NCc2ccc(C(=O)NO)cc2)ccc1Cl,IC50,2510,5.6,IC50,10,8,CHEMBL5154693,2.4,HDAC6-selective
CHEMBL5182215,C#CCN(C)CCCOc1ccc(NC(=O)CCCCCCC(=O)NO)cc1Cl,IC50,140,6.85,IC50,6,8.22,CHEMBL5154693,1.37,Semi-selective
CHEMBL5187984,C#CCN(C)CCCOc1cc(NC(=O)CCCCCCCC(=O)NO)ccc1Cl,IC50,2310,5.64,IC50,80,7.1,CHEMBL5154693,1.46,Semi-selective
CHEMBL5191350,C#CCN(C)CCCOc1cc(NCc2ccc(/C=C/C(=O)NO)cc2)ccc1Cl,IC50,510,6.29,IC50,100,7,CHEMBL5154693,0.71,Semi-selective
CHEMBL5193384,C#CCN(C)CCCOc1cccc(NC(=O)CCCCCCC(=O)NO)c1Cl,IC50,890,6.05,IC50,90,7.05,CHEMBL5154693,1,Semi-selective
CHEMBL5200566,C#CCN(C)CCCOc1cc(NC(=O)CCCCCCCCC(=O)NO)ccc1Cl,IC50,1420,5.85,IC50,160,6.8,CHEMBL5154693,0.95,Semi-selective
CHEMBL4636049,C[C@H]1COc2c(N3CCN(C)CC3)c(F)cc3c(=O)c(C(=O)NCc4cn(CCCCCC(=O)NO)nn4)cn1c23,IC50,73,7.14,IC50,49,7.31,CHEMBL5214883,0.17,Dual-binder
CHEMBL4638706,C[C@H]1COc2c(N3CCN(C)CC3)c(F)cc3c(=O)c(C(=O)OCc4cn(CCCCCCCC(=O)NO)nn4)cn1c23,IC50,104,6.98,IC50,52,7.28,CHEMBL5214883,0.3,Dual-binder
CHEMBL4643070,C[C@H]1COc2c(N3CCN(C)CC3)c(F)cc3c(=O)c(C(=O)OCc4cn(CCCCCCC(=O)NO)nn4)cn1c23,IC50,67,7.17,IC50,30,7.52,CHEMBL5214883,0.35,Dual-binder
CHEMBL4644409,C[C@H]1COc2c(N3CCN(C)CC3)c(F)cc3c(=O)c(C(=O)NCc4cn(CCCCCCCC(=O)NO)nn4)cn1c23,IC50,38,7.42,IC50,41,7.39,CHEMBL5214883,-0.03,Dual-binder
CHEMBL4645270,C[C@H]1COc2c(N3CCN(C)CC3)c(F)cc3c(=O)c(C(=O)OCc4cn(CCCCCC(=O)NO)nn4)cn1c23,IC50,75,7.12,IC50,43,7.37,CHEMBL5214883,0.25,Dual-binder
CHEMBL4649154,C[C@H]1COc2c(N3CCN(C)CC3)c(F)cc3c(=O)c(C(=O)NCc4cn(CCCCCCC(=O)NO)nn4)cn1c23,IC50,29,7.54,IC50,21,7.68,CHEMBL5214883,0.14,Dual-binder
CHEMBL5218943,CN(C)c1nc2c(Br)c(Br)c(Br)c(Br)c2n1CCCCCCCC(=O)NO,IC50,13700,4.86,IC50,8980,5.05,CHEMBL5214883,0.19,Non-binder
CHEMBL5220745,CN(C)c1nc2c(Br)c(Br)c(Br)c(Br)c2n1CCCCCC(=O)NO,IC50,1460,5.84,IC50,860,6.07,CHEMBL5214883,0.23,Non-binder
CHEMBL5220945,Cc1nc2c(F)cc(-c3nc(Nc4ccc(CNC(=O)CC(=O)NO)cc4)ncc3F)cc2n1C(C)C,IC50,26,7.58,IC50,5.9,8.23,CHEMBL5214883,0.65,Dual-binder
CHEMBL5218487,CCC(=O)CCCCC[C@H](NC(=O)[C@H]1CC12CCN(CC)CC2)c1ncc(-c2cc3cn(C)nc3cc2OC)o1,IC50,7.3,8.14,IC50,160,6.8,CHEMBL5214898,-1.34,Semi-selective
CHEMBL5218535,CCC(=O)CCCCC[C@H](NC(=O)[C@H]1CC12CCN(C)CC2)c1ncc(-c2ccc3ncccc3c2)[nH]1,IC50,0.53,9.28,IC50,690,6.16,CHEMBL5214898,-3.12,HDAC1-selective
CHEMBL5218749,CCC(=O)CCCCC[C@H](NC(=O)[C@H]1CC12CCN(C)CC2)c1ncc(-c2cn(C)c3ccccc3c2=O)[nH]1,IC50,8.4,8.08,IC50,450,6.35,CHEMBL5214898,-1.73,Semi-selective
CHEMBL5218926,CCC(=O)CCCCC[C@H](NC(=O)[C@H]1CC12CCN(C)CC2)c1ncc(-c2ccc(-c3ccncc3)cc2)[nH]1,IC50,0.28,9.55,IC50,7700,5.11,CHEMBL5214898,-4.44,HDAC1-selective
CHEMBL5219006,CCC(=O)CCCCC[C@H](NC(=O)[C@H]1CC12CCN(C)CC2)c1ncc(-c2ccc3nc(CC)ccc3c2)[nH]1,IC50,0.32,9.49,IC50,2900,5.54,CHEMBL5214898,-3.95,HDAC1-selective
CHEMBL5219074,CCC(=O)CCCCC[C@H](NC(=O)[C@H]1CC12CCN(C)CC2)c1ncc(-c2ccc3nnccc3c2)[nH]1,IC50,12,7.92,IC50,10000,5,CHEMBL5214898,-2.92,HDAC1-selective
CHEMBL5219118,CCC(=O)CCCCC[C@H](NC(=O)[C@H]1CC12CCN(C)CC2)c1ncc(-c2ccc(-c3cccnc3)cc2)o1,IC50,3.3,8.48,IC50,3100,5.51,CHEMBL5214898,-2.97,HDAC1-selective
CHEMBL5219241,CCC(=O)CCCCC[C@H](NC(=O)[C@H]1CC12CCN(C)CC2)c1ncc(-c2cnc3ncccc3c2)[nH]1,IC50,3.6,8.44,IC50,1800,5.75,CHEMBL5214898,-2.69,HDAC1-selective
CHEMBL5219338,CCC(=O)CCCCC[C@H](NC(=O)[C@H]1CC12CCN(CC)CC2)c1ncc(-c2ccc(-c3ccccc3)[nH]c2=O)[nH]1,IC50,0.48,9.32,IC50,45000,4.35,CHEMBL5214898,-4.97,HDAC1-selective
CHEMBL5219422,CCC(=O)CCCCC[C@H](NC(=O)[C@H]1CC12CCN(C)CC2)c1ncc(-c2ccc(-c3cnccn3)cc2)[nH]1,IC50,0.55,9.26,IC50,7800,5.11,CHEMBL5214898,-4.15,HDAC1-selective
CHEMBL5219490,CCC(=O)CCCCC[C@H](NC(=O)[C@H]1CC12CCN(CC)CC2)c1ncc(-c2cc3ccncc3nc2OC)o1,IC50,0.45,9.35,IC50,300,6.52,CHEMBL5214898,-2.83,HDAC1-selective
CHEMBL5219634,CCC(=O)CCCCC[C@H](NC(=O)[C@H]1CC12CCN(C)CC2)c1ncc(-c2ccc3nc(OC)ccc3c2)[nH]1,IC50,0.4,9.4,IC50,4200,5.38,CHEMBL5214898,-4.02,HDAC1-selective
CHEMBL5219739,CCC(=O)CCCCC[C@H](NC(=O)[C@H]1CC12CCN(C)CC2)c1ncc(-c2ccc(-c3cccnc3)cc2)[nH]1,IC50,0.31,9.51,IC50,4400,5.36,CHEMBL5214898,-4.15,HDAC1-selective
CHEMBL5219811,CCC(=O)CCCCC[C@H](NC(=O)[C@H]1CC12CCN(C)CC2)c1ncc(-c2ccc3nccnc3c2)[nH]1,IC50,7.9,8.1,IC50,84,7.08,CHEMBL5214898,-1.02,Semi-selective
CHEMBL5219969,CCC(=O)CCCCC[C@H](NC(=O)[C@H]1CC12CCN(C)CC2)c1ncc(-c2ccc3nn(C)cc3c2)[nH]1,IC50,0.38,9.42,IC50,5600,5.25,CHEMBL5214898,-4.17,HDAC1-selective
CHEMBL5219978,CCC(=O)CCCCC[C@H](NC(=O)[C@H]1CC12CCN(C)CC2)c1ncc(-c2cc3ccc(C4CC4)nc3cc2F)o1,IC50,1.8,8.74,IC50,4200,5.38,CHEMBL5214898,-3.36,HDAC1-selective
CHEMBL5220120,CCC(=O)CCCCC[C@H](NC(=O)[C@H]1CC12CCN(CC)CC2)c1ncc(-c2ccc3ccncc3c2)[nH]1,IC50,4.1,8.39,IC50,260,6.58,CHEMBL5214898,-1.81,Semi-selective
CHEMBL5220278,CCC(=O)CCCCC[C@H](NC(=O)[C@H]1CC12CCN(C)CC2)c1ncc(-c2cc3ccc(C)nc3cc2OC)o1,IC50,0.35,9.46,IC50,460,6.34,CHEMBL5214898,-3.12,HDAC1-selective
CHEMBL5220454,CCC(=O)CCCCC[C@H](NC(=O)[C@H]1CC12CCN(CC)CC2)c1ncc(-c2cc3ccc(=O)n(C)c3cc2OC)o1,IC50,0.49,9.31,IC50,310,6.51,CHEMBL5214898,-2.8,HDAC1-selective
CHEMBL5220576,CCC(=O)CCCCC[C@H](NC(=O)[C@H]1CC12CCN(CC)CC2)c1ncc(-c2cc3nccnc3cc2OC)[nH]1,IC50,4.5,8.35,IC50,310,6.51,CHEMBL5214898,-1.84,Semi-selective
CHEMBL5220616,CCC(=O)CCCCC[C@H](NC(=O)[C@H]1CC12CCN(C)CC2)c1ncc(-c2ccc3nc(N4CCCC4)ccc3c2)[nH]1,IC50,0.3,9.52,IC50,1500,5.82,CHEMBL5214898,-3.7,HDAC1-selective
CHEMBL5220815,CCC(=O)CCCCC[C@H](NC(=O)[C@H]1CC12CCN(C)CC2)c1ncc(C2=CC3SC=NC3C=C2)[nH]1,IC50,3.3,8.48,IC50,1200,5.92,CHEMBL5214898,-2.56,HDAC1-selective
CHEMBL5221068,CCC(=O)CCCCC[C@H](NC(=O)[C@H]1CC12CCN(C)CC2)c1ncc(C2=CC3OC=NC3C=C2)[nH]1,IC50,3.6,8.44,IC50,7600,5.12,CHEMBL5214898,-3.32,HDAC1-selective
CHEMBL5221097,CCC(=O)CCCCC[C@H](NC(=O)[C@H]1CC12CCN(CC)CC2)c1ncc(-c2cc3cn(C)nc3cc2OC)[nH]1,IC50,12,7.92,IC50,560,6.25,CHEMBL5214898,-1.67,Semi-selective
CHEMBL5218454,N#Cc1c(N)nc(N)nc1N1CC2(CC2)C[C@H]1c1nc2cccc(F)c2c(=O)n1Cc1ccc(C(=O)NO)s1,IC50,82,7.09,IC50,32,7.5,CHEMBL5214954,0.41,Dual-binder
CHEMBL5218472,N#Cc1c(N)nc(N)nc1N1CC2(CC2)C[C@H]1c1nc2cccc(Cl)c2c(=O)n1Cc1ccc(C(=O)NO)s1,IC50,230,6.64,IC50,13,7.89,CHEMBL5214954,1.25,Semi-selective
CHEMBL5218525,Cn1c([C@@H]2C[C@@H](OCc3ccc(C(=O)NO)cc3)CN2c2nc(N)nc(N)c2C#N)nc2cccc(Cl)c2c1=O,IC50,72,7.14,IC50,13,7.89,CHEMBL5214954,0.75,Dual-binder
CHEMBL5218549,CC[C@H](Nc1ncnc2[nH]cnc12)c1nc2cccc(F)c2c(=O)n1Cc1ccc(C(=O)NO)cc1,IC50,244,6.61,IC50,45,7.35,CHEMBL5214954,0.74,Dual-binder
CHEMBL5218671,N#Cc1c(N)nc(N)nc1N1C[C@H](OC(=O)NCc2ccc(C(=O)NO)cc2)C[C@H]1c1nc2cccc(Cl)c2c(=O)n1-c1ccccc1,IC50,271,6.57,IC50,87,7.06,CHEMBL5214954,0.49,Semi-selective
CHEMBL5218764,N#Cc1c(N)nc(N)nc1N1CC2(CC2)C[C@H]1c1nc2cccc(F)c2c(=O)n1Cc1ccc(C(=O)NO)cc1,IC50,287,6.54,IC50,27,7.57,CHEMBL5214954,1.03,Semi-selective
CHEMBL5219048,CN(Cc1ccc(C(=O)NO)cc1)C(=O)O[C@@H]1C[C@@H](c2nc3cccc(Cl)c3c(=O)n2C)N(c2nc(N)nc(N)c2C#N)C1,IC50,260,6.58,IC50,11,7.96,CHEMBL5214954,1.38,Semi-selective
CHEMBL5219657,Cn1c([C@@H]2C[C@@H](OC(=O)NCCc3ccc(C(=O)NO)cc3)CN2c2nc(N)nc(N)c2C#N)nc2cccc(Cl)c2c1=O,IC50,288,6.54,IC50,36,7.44,CHEMBL5214954,0.9,Semi-selective
CHEMBL5219798,Cn1c([C@@H]2C[C@@H](OC(=O)NCc3ccc(C(=O)NO)cc3)CN2c2nc(N)nc(N)c2C#N)nc2cccc(Cl)c2c1=O,IC50,102,6.99,IC50,27,7.57,CHEMBL5214954,0.58,Dual-binder
CHEMBL5219941,N#Cc1c(N)nc(N)nc1N1CCC[C@H]1c1nc2cccc(Cl)c2c(=O)n1Cc1ccc(C(=O)NO)s1,IC50,111,6.96,IC50,67,7.17,CHEMBL5214954,0.21,Dual-binder
CHEMBL5220310,Cn1c([C@@H]2C[C@@H](OC(=O)NCc3ccc(C(=O)NO)s3)CN2c2nc(N)nc(N)c2C#N)nc2cccc(Cl)c2c1=O,IC50,182,6.74,IC50,43,7.37,CHEMBL5214954,0.63,Dual-binder
CHEMBL5220434,Cn1c([C@@H]2C[C@@H](OCc3ccc(C(=O)NO)s3)CN2c2nc(N)nc(N)c2C#N)nc2cccc(Cl)c2c1=O,IC50,88,7.06,IC50,13,7.89,CHEMBL5214954,0.83,Dual-binder
CHEMBL5220776,CC[C@H](Nc1nc(N)nc(N)c1C#N)c1nc2cccc(Cl)c2c(=O)n1Cc1ccc(C(=O)NO)s1,IC50,198,6.7,IC50,45,7.35,CHEMBL5214954,0.65,Dual-binder
CHEMBL5220934,O=C(NO)c1ccc(Cn2c([C@@H]3CC4(CC4)CN3c3ncnc4[nH]cnc34)nc3cccc(F)c3c2=O)cc1,IC50,360,6.44,IC50,28,7.55,CHEMBL5214954,1.11,Semi-selective
CHEMBL5221043,CC[C@H](Nc1ncnc2[nH]cnc12)c1nc2cccc(F)c2c(=O)n1CCCCCC(=O)NO,IC50,85,7.07,IC50,121,6.92,CHEMBL5214954,-0.15,Dual-binder
CHEMBL5221123,C[C@H](Nc1nc(N)nc(N)c1C#N)c1nc2cccc(Cl)c2c(=O)n1Cc1ccc(C(=O)NO)s1,IC50,214,6.67,IC50,66,7.18,CHEMBL5214954,0.51,Dual-binder
